ID,Notebook,Equity,Bond,Allocation,Inflation,Tax,WR,Success_Rate,Median_Final,Mean_Final,P5_Final,P95_Final,Failed_Simulations,Failed_Pct,Median_Depletion,Mean_Depletion,Min_Depletion,Data_From,Data_To,N_Simulations,Block_Size_Months
0100,0100_block_notax_i_hicp_m_world_b_de_6040,MSCI World,Bund,60/40,HICP_EU,No Tax,4.0,78.35,899494,1381636,0,4541365,21647,21.6,26,25.3,12,2000-12-30,2025-10-31,100000,6
0101,0101_block_notax_i_hicp_m_world_b_de_7030,MSCI World,Bund,70/30,HICP_EU,No Tax,4.0,78.17,1097975,1807516,0,6181313,21832,21.8,25,24.6,11,2000-12-30,2025-10-31,100000,6
0102,0102_block_notax_i_hicp_m_world_b_de_8020,MSCI World,Bund,80/20,HICP_EU,No Tax,4.0,77.33,1282788,2308728,0,8270551,22669,22.7,24,23.9,10,2000-12-30,2025-10-31,100000,6
0103,0103_block_notax_i_hicp_m_world_b_de_9010,MSCI World,Bund,90/10,HICP_EU,No Tax,4.0,76.23,1444403,2895666,0,10825881,23768,23.8,24,23.2,9,2000-12-30,2025-10-31,100000,6
0104,0104_block_notax_i_hicp_m_world_b_de_1000,MSCI World,-,100,HICP_EU,No Tax,4.0,74.86,1580517,3580714,0,14008419,25138,25.1,23,22.5,8,2000-12-30,2025-10-31,100000,6
0105,0105_block_notax_i_hicp_m_world_b_it_6040,MSCI World,BTP,60/40,HICP_EU,No Tax,4.0,80.46,1188838,1848342,0,6095223,19540,19.5,25,25.0,12,2000-12-30,2025-10-31,100000,6
0106,0106_block_notax_i_hicp_m_world_b_it_7030,MSCI World,BTP,70/30,HICP_EU,No Tax,4.0,79.68,1333558,2212797,0,7581764,20318,20.3,25,24.4,11,2000-12-30,2025-10-31,100000,6
0107,0107_block_notax_i_hicp_m_world_b_it_8020,MSCI World,BTP,80/20,HICP_EU,No Tax,4.0,78.32,1447769,2620960,0,9399755,21677,21.7,24,23.8,9,2000-12-30,2025-10-31,100000,6
0108,0108_block_notax_i_hicp_m_world_b_it_9010,MSCI World,BTP,90/10,HICP_EU,No Tax,4.0,76.73,1530097,3075857,0,11535199,23271,23.3,24,23.2,8,2000-12-30,2025-10-31,100000,6
0109,0109_block_notax_i_hicp_m_world_b_deit_602020,MSCI World,Bund+BTP,60/20/20,HICP_EU,No Tax,4.0,79.87,1054239,1606661,0,5244569,20130,20.1,26,25.2,12,2000-12-30,2025-10-31,100000,6
0110,0110_block_notax_i_hicp_m_world_b_deit_701515,MSCI World,Bund+BTP,70/15/15,HICP_EU,No Tax,4.0,79.15,1221866,2005033,0,6843578,20847,20.8,25,24.5,11,2000-12-30,2025-10-31,100000,6
0111,0111_block_notax_i_hicp_m_world_b_deit_801010,MSCI World,Bund+BTP,80/10/10,HICP_EU,No Tax,4.0,77.94,1367482,2462334,0,8832595,22057,22.1,24,23.9,10,2000-12-30,2025-10-31,100000,6
0112,0112_block_notax_i_hicp_m_world_b_deit_900505,MSCI World,Bund+BTP,90/5/5,HICP_EU,No Tax,4.0,76.5,1489272,2985057,0,11198818,23503,23.5,24,23.2,8,2000-12-30,2025-10-31,100000,6
0200,0200_block_notax_i_hicp_m_acwi_b_de_6040,MSCI ACWI,Bund,60/40,HICP_EU,No Tax,4.0,76.97,837272,1318952,0,4399692,23034,23.0,26,25.2,12,2000-12-30,2025-10-31,100000,6
0201,0201_block_notax_i_hicp_m_acwi_b_de_7030,MSCI ACWI,Bund,70/30,HICP_EU,No Tax,4.0,76.77,1017984,1724778,0,5981103,23233,23.2,25,24.6,11,2000-12-30,2025-10-31,100000,6
0202,0202_block_notax_i_hicp_m_acwi_b_de_8020,MSCI ACWI,Bund,80/20,HICP_EU,No Tax,4.0,75.99,1187717,2202664,0,7986124,24010,24.0,24,23.9,10,2000-12-30,2025-10-31,100000,6
0203,0203_block_notax_i_hicp_m_acwi_b_de_9010,MSCI ACWI,Bund,90/10,HICP_EU,No Tax,4.0,74.93,1334669,2762741,0,10440302,25072,25.1,24,23.1,9,2000-12-30,2025-10-31,100000,6
0204,0204_block_notax_i_hicp_m_acwi_b_de_1000,MSCI ACWI,-,100,HICP_EU,No Tax,4.0,73.63,1458183,3417091,0,13470758,26370,26.4,23,22.5,8,2000-12-30,2025-10-31,100000,6
0205,0205_block_notax_i_hicp_m_acwi_b_it_6040,MSCI ACWI,BTP,60/40,HICP_EU,No Tax,4.0,79.18,1113314,1772350,0,5913329,20823,20.8,25,24.9,12,2000-12-30,2025-10-31,100000,6
0206,0206_block_notax_i_hicp_m_acwi_b_it_7030,MSCI ACWI,BTP,70/30,HICP_EU,No Tax,4.0,78.35,1243429,2117440,0,7348057,21651,21.7,25,24.3,11,2000-12-30,2025-10-31,100000,6
0207,0207_block_notax_i_hicp_m_acwi_b_it_8020,MSCI ACWI,BTP,80/20,HICP_EU,No Tax,4.0,77.02,1344157,2504514,0,9079500,22977,23.0,24,23.7,9,2000-12-30,2025-10-31,100000,6
0208,0208_block_notax_i_hicp_m_acwi_b_it_9010,MSCI ACWI,BTP,90/10,HICP_EU,No Tax,4.0,75.4,1416403,2936635,0,11116477,24602,24.6,23,23.1,8,2000-12-30,2025-10-31,100000,6
0209,0209_block_notax_i_hicp_m_acwi_b_deit_602020,MSCI ACWI,Bund+BTP,60/20/20,HICP_EU,No Tax,4.0,78.53,983413,1537335,0,5087303,21467,21.5,26,25.1,12,2000-12-30,2025-10-31,100000,6
0210,0210_block_notax_i_hicp_m_acwi_b_deit_701515,MSCI ACWI,Bund+BTP,70/15/15,HICP_EU,No Tax,4.0,77.77,1133975,1916017,0,6626916,22227,22.2,25,24.4,11,2000-12-30,2025-10-31,100000,6
0211,0211_block_notax_i_hicp_m_acwi_b_deit_801010,MSCI ACWI,Bund+BTP,80/10/10,HICP_EU,No Tax,4.0,76.6,1268338,2351093,0,8527823,23404,23.4,24,23.8,10,2000-12-30,2025-10-31,100000,6
0212,0212_block_notax_i_hicp_m_acwi_b_deit_900505,MSCI ACWI,Bund+BTP,90/5/5,HICP_EU,No Tax,4.0,75.18,1376308,2848998,0,10781621,24816,24.8,24,23.1,8,2000-12-30,2025-10-31,100000,6
0300,0300_block_notax_i_hicp_s_e600_b_de_6040,STOXX 600,Bund,60/40,HICP_EU,No Tax,4.0,81.95,3924453,9919297,0,39192568,18052,18.1,22,21.7,8,1997-08-02,2025-10-31,100000,6
0301,0301_block_notax_i_hicp_s_e600_b_de_7030,STOXX 600,Bund,70/30,HICP_EU,No Tax,4.0,80.23,4723474,15380633,0,63823568,19773,19.8,21,20.6,7,1997-08-02,2025-10-31,100000,6
0302,0302_block_notax_i_hicp_s_e600_b_de_8020,STOXX 600,Bund,80/20,HICP_EU,No Tax,4.0,78.25,5456359,23798822,0,101369495,21748,21.7,19,19.6,6,1997-08-02,2025-10-31,100000,6
0303,0303_block_notax_i_hicp_s_e600_b_de_9010,STOXX 600,Bund,90/10,HICP_EU,No Tax,4.0,76.23,6078578,36903053,0,157034506,23765,23.8,18,18.8,6,1997-08-02,2025-10-31,100000,6
0304,0304_block_notax_i_hicp_s_e600_b_de_1000,STOXX 600,-,100,HICP_EU,No Tax,4.0,88.09,11025784,26753425,0,103596483,11914,11.9,21,21.1,7,1987-01-01,2025-10-31,100000,6
0400,0400_block_notax_i_hicp_m_europe_b_de_6040,MSCI Europe,Bund,60/40,HICP_EU,No Tax,4.0,65.0,384577,878249,0,3381309,34999,35.0,25,24.7,11,2000-12-30,2025-10-31,100000,6
0401,0401_block_notax_i_hicp_m_europe_b_de_7030,MSCI Europe,Bund,70/30,HICP_EU,No Tax,4.0,63.92,428468,1115627,0,4462032,36077,36.1,24,23.9,10,2000-12-30,2025-10-31,100000,6
0402,0402_block_notax_i_hicp_m_europe_b_de_8020,MSCI Europe,Bund,80/20,HICP_EU,No Tax,4.0,62.52,447219,1381899,0,5758632,37477,37.5,23,23.1,9,2000-12-30,2025-10-31,100000,6
0403,0403_block_notax_i_hicp_m_europe_b_de_9010,MSCI Europe,Bund,90/10,HICP_EU,No Tax,4.0,60.85,434461,1678483,0,7274934,39146,39.1,23,22.3,8,2000-12-30,2025-10-31,100000,6
0404,0404_block_notax_i_hicp_m_europe_b_de_1000,MSCI Europe,-,100,HICP_EU,No Tax,4.0,58.97,393783,2007341,0,9013865,41027,41.0,22,21.6,7,2000-12-30,2025-10-31,100000,6
0405,0405_block_notax_i_hicp_m_europe_b_it_6040,MSCI Europe,BTP,60/40,HICP_EU,No Tax,4.0,67.85,566126,1227077,0,4677971,32147,32.1,25,24.2,11,2000-12-30,2025-10-31,100000,6
0406,0406_block_notax_i_hicp_m_europe_b_it_7030,MSCI Europe,BTP,70/30,HICP_EU,No Tax,4.0,66.0,562083,1404050,0,5584709,34003,34.0,24,23.6,10,2000-12-30,2025-10-31,100000,6
0407,0407_block_notax_i_hicp_m_europe_b_it_8020,MSCI Europe,BTP,80/20,HICP_EU,No Tax,4.0,63.73,532579,1593587,0,6613002,36268,36.3,23,22.9,9,2000-12-30,2025-10-31,100000,6
0408,0408_block_notax_i_hicp_m_europe_b_it_9010,MSCI Europe,BTP,90/10,HICP_EU,No Tax,4.0,61.41,472065,1794887,0,7769048,38585,38.6,22,22.2,8,2000-12-30,2025-10-31,100000,6
0409,0409_block_notax_i_hicp_m_europe_b_deit_602020,MSCI Europe,Bund+BTP,60/20/20,HICP_EU,No Tax,4.0,66.8,482433,1045166,0,3978196,33200,33.2,25,24.5,11,2000-12-30,2025-10-31,100000,6
0410,0410_block_notax_i_hicp_m_europe_b_deit_701515,MSCI Europe,Bund+BTP,70/15/15,HICP_EU,No Tax,4.0,65.16,498546,1255451,0,5003890,34842,34.8,24,23.8,10,2000-12-30,2025-10-31,100000,6
0411,0411_block_notax_i_hicp_m_europe_b_deit_801010,MSCI Europe,Bund+BTP,80/10/10,HICP_EU,No Tax,4.0,63.22,490738,1485709,0,6179467,36782,36.8,23,23.0,9,2000-12-30,2025-10-31,100000,6
0412,0412_block_notax_i_hicp_m_europe_b_deit_900505,MSCI Europe,Bund+BTP,90/5/5,HICP_EU,No Tax,4.0,61.19,453207,1736154,0,7520112,38808,38.8,22,22.3,8,2000-12-30,2025-10-31,100000,6
0500,0500_block_notax_i_hicp_m_emu_b_de_6040,MSCI EMU,Bund,60/40,HICP_EU,No Tax,4.0,60.88,294456,891975,0,3651181,39123,39.1,24,24.1,11,2000-12-30,2025-10-31,100000,6
0501,0501_block_notax_i_hicp_m_emu_b_de_7030,MSCI EMU,Bund,70/30,HICP_EU,No Tax,4.0,59.51,301911,1132049,0,4859156,40487,40.5,23,23.2,10,2000-12-30,2025-10-31,100000,6
0502,0502_block_notax_i_hicp_m_emu_b_de_8020,MSCI EMU,Bund,80/20,HICP_EU,No Tax,4.0,57.72,278820,1400590,0,6260657,42278,42.3,23,22.4,8,2000-12-30,2025-10-31,100000,6
0503,0503_block_notax_i_hicp_m_emu_b_de_9010,MSCI EMU,Bund,90/10,HICP_EU,No Tax,4.0,55.78,231278,1698954,0,7863575,44218,44.2,22,21.6,7,2000-12-30,2025-10-31,100000,6
0504,0504_block_notax_i_hicp_m_emu_b_de_1000,MSCI EMU,-,100,HICP_EU,No Tax,4.0,53.57,156499,2028953,0,9649433,46431,46.4,21,20.8,6,2000-12-30,2025-10-31,100000,6
0505,0505_block_notax_i_hicp_m_emu_b_it_6040,MSCI EMU,BTP,60/40,HICP_EU,No Tax,4.0,63.57,442670,1250384,0,5096950,36434,36.4,24,23.5,10,2000-12-30,2025-10-31,100000,6
0506,0506_block_notax_i_hicp_m_emu_b_it_7030,MSCI EMU,BTP,70/30,HICP_EU,No Tax,4.0,61.27,408498,1429125,0,6121198,38735,38.7,23,22.9,9,2000-12-30,2025-10-31,100000,6
0507,0507_block_notax_i_hicp_m_emu_b_it_8020,MSCI EMU,BTP,80/20,HICP_EU,No Tax,4.0,58.78,347077,1619083,0,7206664,41216,41.2,22,22.2,8,2000-12-30,2025-10-31,100000,6
0508,0508_block_notax_i_hicp_m_emu_b_it_9010,MSCI EMU,BTP,90/10,HICP_EU,No Tax,4.0,56.22,260847,1819311,0,8401366,43785,43.8,22,21.5,7,2000-12-30,2025-10-31,100000,6
0509,0509_block_notax_i_hicp_m_emu_b_deit_602020,MSCI EMU,Bund+BTP,60/20/20,HICP_EU,No Tax,4.0,62.52,375056,1063453,0,4328587,37478,37.5,24,23.8,10,2000-12-30,2025-10-31,100000,6
0510,0510_block_notax_i_hicp_m_emu_b_deit_701515,MSCI EMU,Bund+BTP,70/15/15,HICP_EU,No Tax,4.0,60.54,358693,1276027,0,5456871,39459,39.5,23,23.1,9,2000-12-30,2025-10-31,100000,6
0511,0511_block_notax_i_hicp_m_emu_b_deit_801010,MSCI EMU,Bund+BTP,80/10/10,HICP_EU,No Tax,4.0,58.31,315216,1507696,0,6728939,41685,41.7,22,22.3,8,2000-12-30,2025-10-31,100000,6
0512,0512_block_notax_i_hicp_m_emu_b_deit_900505,MSCI EMU,Bund+BTP,90/5/5,HICP_EU,No Tax,4.0,56.0,245658,1758570,0,8126117,44000,44.0,22,21.5,7,2000-12-30,2025-10-31,100000,6
0600,0600_block_notax_i_hicp_3_m_world_b_de_6040,MSCI World,Bund,60/40,HICP_EU,No Tax,3.0,95.82,1850878,2301669,58916,6024803,4178,4.2,27,26.7,14,2000-12-30,2025-10-31,100000,6
0601,0601_block_notax_i_hicp_3_m_world_b_de_7030,MSCI World,Bund,70/30,HICP_EU,No Tax,3.0,94.43,2096234,2798778,0,7920764,5572,5.6,27,26.0,13,2000-12-30,2025-10-31,100000,6
0602,0602_block_notax_i_hicp_3_m_world_b_de_8020,MSCI World,Bund,80/20,HICP_EU,No Tax,3.0,92.75,2331297,3376173,0,10306788,7249,7.2,26,25.3,12,2000-12-30,2025-10-31,100000,6
0603,0603_block_notax_i_hicp_3_m_world_b_de_9010,MSCI World,Bund,90/10,HICP_EU,No Tax,3.0,90.99,2540817,4045800,0,13245858,9007,9.0,25,24.6,11,2000-12-30,2025-10-31,100000,6
0604,0604_block_notax_i_hicp_3_m_world_b_de_1000,MSCI World,-,100,HICP_EU,No Tax,3.0,89.11,2724769,4821149,0,16775930,10892,10.9,24,23.9,9,2000-12-30,2025-10-31,100000,6
0605,0605_block_notax_i_hicp_3_m_world_b_it_6040,MSCI World,BTP,60/40,HICP_EU,No Tax,3.0,95.71,2210116,2864884,55971,7821560,4291,4.3,27,26.2,14,2000-12-30,2025-10-31,100000,6
0606,0606_block_notax_i_hicp_3_m_world_b_it_7030,MSCI World,BTP,70/30,HICP_EU,No Tax,3.0,94.48,2391411,3283781,0,9523669,5519,5.5,26,25.7,13,2000-12-30,2025-10-31,100000,6
0607,0607_block_notax_i_hicp_3_m_world_b_it_8020,MSCI World,BTP,80/20,HICP_EU,No Tax,3.0,92.88,2536276,3746867,0,11567912,7123,7.1,26,25.2,12,2000-12-30,2025-10-31,100000,6
0608,0608_block_notax_i_hicp_3_m_world_b_it_9010,MSCI World,BTP,90/10,HICP_EU,No Tax,3.0,91.1,2653424,4258044,0,13988541,8903,8.9,25,24.5,11,2000-12-30,2025-10-31,100000,6
0609,0609_block_notax_i_hicp_3_m_world_b_deit_602020,MSCI World,Bund+BTP,60/20/20,HICP_EU,No Tax,3.0,95.91,2038282,2576896,70092,6839761,4089,4.1,27,26.5,14,2000-12-30,2025-10-31,100000,6
0610,0610_block_notax_i_hicp_3_m_world_b_deit_701515,MSCI World,Bund+BTP,70/15/15,HICP_EU,No Tax,3.0,94.54,2250315,3037100,0,8671513,5463,5.5,26,25.9,13,2000-12-30,2025-10-31,100000,6
0611,0611_block_notax_i_hicp_3_m_world_b_deit_801010,MSCI World,Bund+BTP,80/10/10,HICP_EU,No Tax,3.0,92.83,2435778,3559366,0,10901537,7166,7.2,26,25.3,12,2000-12-30,2025-10-31,100000,6
0612,0612_block_notax_i_hicp_3_m_world_b_deit_900505,MSCI World,Bund+BTP,90/5/5,HICP_EU,No Tax,3.0,91.05,2599385,4151293,0,13611084,8946,8.9,25,24.6,11,2000-12-30,2025-10-31,100000,6
0700,0700_block_notax_i_hicp_35_m_world_b_de_6040,MSCI World,Bund,60/40,HICP_EU,No Tax,3.5,89.08,1371863,1823449,0,5279421,10924,10.9,27,26.1,13,2000-12-30,2025-10-31,100000,6
0701,0701_block_notax_i_hicp_35_m_world_b_de_7030,MSCI World,Bund,70/30,HICP_EU,No Tax,3.5,87.74,1594504,2285406,0,7043332,12261,12.3,26,25.4,12,2000-12-30,2025-10-31,100000,6
0702,0702_block_notax_i_hicp_35_m_world_b_de_8020,MSCI World,Bund,80/20,HICP_EU,No Tax,3.5,86.14,1804237,2824797,0,9275872,13863,13.9,25,24.7,11,2000-12-30,2025-10-31,100000,6
0703,0703_block_notax_i_hicp_35_m_world_b_de_9010,MSCI World,Bund,90/10,HICP_EU,No Tax,3.5,84.46,1990377,3452839,0,12027739,15536,15.5,24,23.9,9,2000-12-30,2025-10-31,100000,6
0704,0704_block_notax_i_hicp_35_m_world_b_de_1000,MSCI World,-,100,HICP_EU,No Tax,3.5,82.56,2146780,4182659,0,15379630,17439,17.4,24,23.2,8,2000-12-30,2025-10-31,100000,6
0705,0705_block_notax_i_hicp_35_m_world_b_it_6040,MSCI World,BTP,60/40,HICP_EU,No Tax,3.5,89.74,1695244,2339870,0,6967696,10264,10.3,26,25.7,13,2000-12-30,2025-10-31,100000,6
0706,0706_block_notax_i_hicp_35_m_world_b_it_7030,MSCI World,BTP,70/30,HICP_EU,No Tax,3.5,88.36,1861537,2731496,0,8554154,11640,11.6,26,25.1,12,2000-12-30,2025-10-31,100000,6
0707,0707_block_notax_i_hicp_35_m_world_b_it_8020,MSCI World,BTP,80/20,HICP_EU,No Tax,3.5,86.66,1988842,3166802,0,10492891,13343,13.3,25,24.5,11,2000-12-30,2025-10-31,100000,6
0708,0708_block_notax_i_hicp_35_m_world_b_it_9010,MSCI World,BTP,90/10,HICP_EU,No Tax,3.5,84.77,2090054,3649220,0,12723639,15228,15.2,24,23.8,9,2000-12-30,2025-10-31,100000,6
0709,0709_block_notax_i_hicp_35_m_world_b_deit_602020,MSCI World,Bund+BTP,60/20/20,HICP_EU,No Tax,3.5,89.74,1542400,2074590,0,6041496,10263,10.3,27,25.9,13,2000-12-30,2025-10-31,100000,6
0710,0710_block_notax_i_hicp_35_m_world_b_deit_701515,MSCI World,Bund+BTP,70/15/15,HICP_EU,No Tax,3.5,88.17,1733153,2503931,0,7749608,11830,11.8,26,25.3,12,2000-12-30,2025-10-31,100000,6
0711,0711_block_notax_i_hicp_35_m_world_b_deit_801010,MSCI World,Bund+BTP,80/10/10,HICP_EU,No Tax,3.5,86.48,1900663,2993496,0,9842846,13520,13.5,25,24.6,11,2000-12-30,2025-10-31,100000,6
0712,0712_block_notax_i_hicp_35_m_world_b_deit_900505,MSCI World,Bund+BTP,90/5/5,HICP_EU,No Tax,3.5,84.62,2041139,3550379,0,12383017,15384,15.4,24,23.9,9,2000-12-30,2025-10-31,100000,6
0800,0800_block_notax_i_hicp_3_m_acwi_b_de_6040,MSCI ACWI,Bund,60/40,HICP_EU,No Tax,3.0,95.3,1771978,2217328,20490,5862139,4703,4.7,27,26.6,14,2000-12-30,2025-10-31,100000,6
0801,0801_block_notax_i_hicp_3_m_acwi_b_de_7030,MSCI ACWI,Bund,70/30,HICP_EU,No Tax,3.0,93.82,2000944,2690834,0,7690064,6179,6.2,27,25.9,13,2000-12-30,2025-10-31,100000,6
0802,0802_block_notax_i_hicp_3_m_acwi_b_de_8020,MSCI ACWI,Bund,80/20,HICP_EU,No Tax,3.0,92.03,2214597,3241232,0,9982805,7974,8.0,26,25.3,12,2000-12-30,2025-10-31,100000,6
0803,0803_block_notax_i_hicp_3_m_acwi_b_de_9010,MSCI ACWI,Bund,90/10,HICP_EU,No Tax,3.0,90.21,2407531,3880104,0,12786130,9786,9.8,25,24.5,11,2000-12-30,2025-10-31,100000,6
0804,0804_block_notax_i_hicp_3_m_acwi_b_de_1000,MSCI ACWI,-,100,HICP_EU,No Tax,3.0,88.32,2574408,4620704,0,16190648,11684,11.7,24,23.8,9,2000-12-30,2025-10-31,100000,6
0805,0805_block_notax_i_hicp_3_m_acwi_b_it_6040,MSCI ACWI,BTP,60/40,HICP_EU,No Tax,3.0,95.16,2116191,2765722,12900,7608829,4836,4.8,27,26.2,14,2000-12-30,2025-10-31,100000,6
0806,0806_block_notax_i_hicp_3_m_acwi_b_it_7030,MSCI ACWI,BTP,70/30,HICP_EU,No Tax,3.0,93.85,2282709,3161714,0,9261756,6150,6.2,26,25.7,13,2000-12-30,2025-10-31,100000,6
0807,0807_block_notax_i_hicp_3_m_acwi_b_it_8020,MSCI ACWI,BTP,80/20,HICP_EU,No Tax,3.0,92.14,2412975,3600276,0,11234598,7863,7.9,26,25.1,12,2000-12-30,2025-10-31,100000,6
0808,0808_block_notax_i_hicp_3_m_acwi_b_it_9010,MSCI ACWI,BTP,90/10,HICP_EU,No Tax,3.0,90.33,2511175,4085284,0,13555822,9668,9.7,25,24.5,11,2000-12-30,2025-10-31,100000,6
0809,0809_block_notax_i_hicp_3_m_acwi_b_deit_602020,MSCI ACWI,Bund+BTP,60/20/20,HICP_EU,No Tax,3.0,95.39,1951548,2485210,28748,6656851,4608,4.6,27,26.5,14,2000-12-30,2025-10-31,100000,6
0810,0810_block_notax_i_hicp_3_m_acwi_b_deit_701515,MSCI ACWI,Bund+BTP,70/15/15,HICP_EU,No Tax,3.0,93.92,2145976,2922148,0,8442423,6080,6.1,26,25.8,13,2000-12-30,2025-10-31,100000,6
0811,0811_block_notax_i_hicp_3_m_acwi_b_deit_801010,MSCI ACWI,Bund+BTP,80/10/10,HICP_EU,No Tax,3.0,92.15,2314580,3418633,0,10578459,7847,7.8,26,25.2,12,2000-12-30,2025-10-31,100000,6
0812,0812_block_notax_i_hicp_3_m_acwi_b_deit_900505,MSCI ACWI,Bund+BTP,90/5/5,HICP_EU,No Tax,3.0,90.29,2461915,3982077,0,13149509,9706,9.7,25,24.5,11,2000-12-30,2025-10-31,100000,6
0900,0900_block_notax_i_hicp_35_m_acwi_b_de_6040,MSCI ACWI,Bund,60/40,HICP_EU,No Tax,3.5,88.1,1298713,1749160,0,5126490,11899,11.9,27,26.0,13,2000-12-30,2025-10-31,100000,6
0901,0901_block_notax_i_hicp_35_m_acwi_b_de_7030,MSCI ACWI,Bund,70/30,HICP_EU,No Tax,3.5,86.76,1507410,2189406,0,6826135,13241,13.2,26,25.3,12,2000-12-30,2025-10-31,100000,6
0902,0902_block_notax_i_hicp_35_m_acwi_b_de_8020,MSCI ACWI,Bund,80/20,HICP_EU,No Tax,3.5,85.16,1701624,2703668,0,8976306,14840,14.8,25,24.6,10,2000-12-30,2025-10-31,100000,6
0903,0903_block_notax_i_hicp_35_m_acwi_b_de_9010,MSCI ACWI,Bund,90/10,HICP_EU,No Tax,3.5,83.38,1868426,3302990,0,11603453,16620,16.6,24,23.8,9,2000-12-30,2025-10-31,100000,6
0904,0904_block_notax_i_hicp_35_m_acwi_b_de_1000,MSCI ACWI,-,100,HICP_EU,No Tax,3.5,81.49,2012249,4000253,0,14845970,18509,18.5,24,23.2,8,2000-12-30,2025-10-31,100000,6
0905,0905_block_notax_i_hicp_35_m_acwi_b_it_6040,MSCI ACWI,BTP,60/40,HICP_EU,No Tax,3.5,88.8,1612472,2251544,0,6762739,11201,11.2,26,25.6,13,2000-12-30,2025-10-31,100000,6
0906,0906_block_notax_i_hicp_35_m_acwi_b_it_7030,MSCI ACWI,BTP,70/30,HICP_EU,No Tax,3.5,87.44,1760261,2622099,0,8295922,12556,12.6,26,25.0,12,2000-12-30,2025-10-31,100000,6
0907,0907_block_notax_i_hicp_35_m_acwi_b_it_8020,MSCI ACWI,BTP,80/20,HICP_EU,No Tax,3.5,85.71,1877876,3034610,0,10147768,14289,14.3,25,24.4,10,2000-12-30,2025-10-31,100000,6
0908,0908_block_notax_i_hicp_35_m_acwi_b_it_9010,MSCI ACWI,BTP,90/10,HICP_EU,No Tax,3.5,83.67,1959805,3492669,0,12337302,16327,16.3,24,23.8,9,2000-12-30,2025-10-31,100000,6
0909,0909_block_notax_i_hicp_35_m_acwi_b_deit_602020,MSCI ACWI,Bund+BTP,60/20/20,HICP_EU,No Tax,3.5,88.81,1464507,1993343,0,5863898,11191,11.2,26,25.8,13,2000-12-30,2025-10-31,100000,6
0910,0910_block_notax_i_hicp_35_m_acwi_b_deit_701515,MSCI ACWI,Bund+BTP,70/15/15,HICP_EU,No Tax,3.5,87.23,1638193,2401283,0,7532641,12766,12.8,26,25.2,12,2000-12-30,2025-10-31,100000,6
0911,0911_block_notax_i_hicp_35_m_acwi_b_deit_801010,MSCI ACWI,Bund+BTP,80/10/10,HICP_EU,No Tax,3.5,85.52,1790501,2866877,0,9544221,14478,14.5,25,24.5,10,2000-12-30,2025-10-31,100000,6
0912,0912_block_notax_i_hicp_35_m_acwi_b_deit_900505,MSCI ACWI,Bund+BTP,90/5/5,HICP_EU,No Tax,3.5,83.55,1915100,3397192,0,11949844,16454,16.5,24,23.8,9,2000-12-30,2025-10-31,100000,6
1000,1000_block_notax_i_hicp_3_m_europe_b_de_6040,MSCI Europe,Bund,60/40,HICP_EU,No Tax,3.0,90.13,1200484,1608994,0,4685340,9874,9.9,27,26.2,14,2000-12-30,2025-10-31,100000,6
1001,1001_block_notax_i_hicp_3_m_europe_b_de_7030,MSCI Europe,Bund,70/30,HICP_EU,No Tax,3.0,87.06,1262025,1874273,0,5949730,12940,12.9,26,25.5,12,2000-12-30,2025-10-31,100000,6
1002,1002_block_notax_i_hicp_3_m_europe_b_de_8020,MSCI Europe,Bund,80/20,HICP_EU,No Tax,3.0,83.77,1291488,2168847,0,7448409,16232,16.2,25,24.7,11,2000-12-30,2025-10-31,100000,6
1003,1003_block_notax_i_hicp_3_m_europe_b_de_9010,MSCI Europe,Bund,90/10,HICP_EU,No Tax,3.0,80.43,1285244,2494825,0,9192287,19567,19.6,24,23.9,10,2000-12-30,2025-10-31,100000,6
1004,1004_block_notax_i_hicp_3_m_europe_b_de_1000,MSCI Europe,-,100,HICP_EU,No Tax,3.0,77.16,1241261,2854528,0,11184802,22844,22.8,24,23.2,9,2000-12-30,2025-10-31,100000,6
1005,1005_block_notax_i_hicp_3_m_europe_b_it_6040,MSCI Europe,BTP,60/40,HICP_EU,No Tax,3.0,89.75,1434071,2037550,0,6182404,10248,10.2,26,25.7,13,2000-12-30,2025-10-31,100000,6
1006,1006_block_notax_i_hicp_3_m_europe_b_it_7030,MSCI Europe,BTP,70/30,HICP_EU,No Tax,3.0,87.1,1432562,2225983,0,7232771,12903,12.9,26,25.1,12,2000-12-30,2025-10-31,100000,6
1007,1007_block_notax_i_hicp_3_m_europe_b_it_8020,MSCI Europe,BTP,80/20,HICP_EU,No Tax,3.0,83.88,1401623,2424944,0,8441619,16119,16.1,25,24.5,11,2000-12-30,2025-10-31,100000,6
1008,1008_block_notax_i_hicp_3_m_europe_b_it_9010,MSCI Europe,BTP,90/10,HICP_EU,No Tax,3.0,80.52,1337104,2634496,0,9749228,19483,19.5,24,23.9,10,2000-12-30,2025-10-31,100000,6
1009,1009_block_notax_i_hicp_3_m_europe_b_deit_602020,MSCI Europe,Bund+BTP,60/20/20,HICP_EU,No Tax,3.0,90.2,1323981,1817843,0,5377665,9803,9.8,27,26.0,14,2000-12-30,2025-10-31,100000,6
1010,1010_block_notax_i_hicp_3_m_europe_b_deit_701515,MSCI Europe,Bund+BTP,70/15/15,HICP_EU,No Tax,3.0,87.21,1353111,2046739,0,6566216,12787,12.8,26,25.3,12,2000-12-30,2025-10-31,100000,6
1011,1011_block_notax_i_hicp_3_m_europe_b_deit_801010,MSCI Europe,Bund+BTP,80/10/10,HICP_EU,No Tax,3.0,83.9,1349410,2295241,0,7939016,16103,16.1,25,24.6,11,2000-12-30,2025-10-31,100000,6
1012,1012_block_notax_i_hicp_3_m_europe_b_deit_900505,MSCI Europe,Bund+BTP,90/5/5,HICP_EU,No Tax,3.0,80.5,1310955,2564204,0,9473091,19505,19.5,24,23.9,10,2000-12-30,2025-10-31,100000,6
1100,1100_block_notax_i_hicp_35_m_europe_b_de_6040,MSCI Europe,Bund,60/40,HICP_EU,No Tax,3.5,79.16,791309,1219263,0,4027399,20844,20.8,26,25.5,13,2000-12-30,2025-10-31,100000,6
1101,1101_block_notax_i_hicp_35_m_europe_b_de_7030,MSCI Europe,Bund,70/30,HICP_EU,No Tax,3.5,76.55,840854,1471970,0,5204912,23455,23.5,25,24.7,11,2000-12-30,2025-10-31,100000,6
1102,1102_block_notax_i_hicp_35_m_europe_b_de_8020,MSCI Europe,Bund,80/20,HICP_EU,No Tax,3.5,73.8,862721,1753355,0,6598348,26201,26.2,24,23.9,10,2000-12-30,2025-10-31,100000,6
1103,1103_block_notax_i_hicp_35_m_europe_b_de_9010,MSCI Europe,Bund,90/10,HICP_EU,No Tax,3.5,70.95,852264,2065412,0,8213141,29047,29.0,24,23.1,9,2000-12-30,2025-10-31,100000,6
1104,1104_block_notax_i_hicp_35_m_europe_b_de_1000,MSCI Europe,-,100,HICP_EU,No Tax,3.5,68.15,807027,2410304,0,10077813,31849,31.8,23,22.4,8,2000-12-30,2025-10-31,100000,6
1105,1105_block_notax_i_hicp_35_m_europe_b_it_6040,MSCI Europe,BTP,60/40,HICP_EU,No Tax,3.5,80.16,998133,1609716,0,5426350,19843,19.8,26,25.0,12,2000-12-30,2025-10-31,100000,6
1106,1106_block_notax_i_hicp_35_m_europe_b_it_7030,MSCI Europe,BTP,70/30,HICP_EU,No Tax,3.5,77.38,993590,1792968,0,6417303,22619,22.6,25,24.4,11,2000-12-30,2025-10-31,100000,6
1107,1107_block_notax_i_hicp_35_m_europe_b_it_8020,MSCI Europe,BTP,80/20,HICP_EU,No Tax,3.5,74.4,960762,1987685,0,7524112,25596,25.6,24,23.7,10,2000-12-30,2025-10-31,100000,6
1108,1108_block_notax_i_hicp_35_m_europe_b_it_9010,MSCI Europe,BTP,90/10,HICP_EU,No Tax,3.5,71.28,899304,2193582,0,8757471,28721,28.7,23,23.1,9,2000-12-30,2025-10-31,100000,6
1109,1109_block_notax_i_hicp_35_m_europe_b_deit_602020,MSCI Europe,Bund+BTP,60/20/20,HICP_EU,No Tax,3.5,80.02,901141,1408219,0,4673419,19981,20.0,26,25.3,12,2000-12-30,2025-10-31,100000,6
1110,1110_block_notax_i_hicp_35_m_europe_b_deit_701515,MSCI Europe,Bund+BTP,70/15/15,HICP_EU,No Tax,3.5,77.14,922220,1628649,0,5778758,22863,22.9,25,24.6,11,2000-12-30,2025-10-31,100000,6
1111,1111_block_notax_i_hicp_35_m_europe_b_deit_801010,MSCI Europe,Bund+BTP,80/10/10,HICP_EU,No Tax,3.5,74.16,915557,1868690,0,7057211,25843,25.8,24,23.8,10,2000-12-30,2025-10-31,100000,6
1112,1112_block_notax_i_hicp_35_m_europe_b_deit_900505,MSCI Europe,Bund+BTP,90/5/5,HICP_EU,No Tax,3.5,71.12,875916,2129009,0,8495139,28881,28.9,23,23.1,9,2000-12-30,2025-10-31,100000,6
1200,1200_block_notax_i_hicp_3_m_emu_b_de_6040,MSCI EMU,Bund,60/40,HICP_EU,No Tax,3.0,86.2,1088472,1587766,0,5000208,13795,13.8,26,25.7,13,2000-12-30,2025-10-31,100000,6
1201,1201_block_notax_i_hicp_3_m_emu_b_de_7030,MSCI EMU,Bund,70/30,HICP_EU,No Tax,3.0,82.42,1106364,1851005,0,6379731,17584,17.6,25,24.9,12,2000-12-30,2025-10-31,100000,6
1202,1202_block_notax_i_hicp_3_m_emu_b_de_8020,MSCI EMU,Bund,80/20,HICP_EU,No Tax,3.0,78.6,1082813,2143489,0,7988765,21400,21.4,25,24.0,10,2000-12-30,2025-10-31,100000,6
1203,1203_block_notax_i_hicp_3_m_emu_b_de_9010,MSCI EMU,Bund,90/10,HICP_EU,No Tax,3.0,74.85,1022252,2467166,0,9826830,25152,25.2,24,23.2,9,2000-12-30,2025-10-31,100000,6
1204,1204_block_notax_i_hicp_3_m_emu_b_de_1000,MSCI EMU,-,100,HICP_EU,No Tax,3.0,71.07,929650,2824304,0,11890435,28933,28.9,23,22.4,8,2000-12-30,2025-10-31,100000,6
1205,1205_block_notax_i_hicp_3_m_emu_b_it_6040,MSCI EMU,BTP,60/40,HICP_EU,No Tax,3.0,85.74,1287557,2024926,0,6682543,14264,14.3,26,25.2,12,2000-12-30,2025-10-31,100000,6
1206,1206_block_notax_i_hicp_3_m_emu_b_it_7030,MSCI EMU,BTP,70/30,HICP_EU,No Tax,3.0,82.34,1246104,2210392,0,7821697,17655,17.7,25,24.5,11,2000-12-30,2025-10-31,100000,6
1207,1207_block_notax_i_hicp_3_m_emu_b_it_8020,MSCI EMU,BTP,80/20,HICP_EU,No Tax,3.0,78.65,1173676,2405736,0,9101816,21352,21.4,24,23.8,10,2000-12-30,2025-10-31,100000,6
1208,1208_block_notax_i_hicp_3_m_emu_b_it_9010,MSCI EMU,BTP,90/10,HICP_EU,No Tax,3.0,74.92,1063178,2610506,0,10448522,25076,25.1,23,23.1,9,2000-12-30,2025-10-31,100000,6
1209,1209_block_notax_i_hicp_3_m_emu_b_deit_602020,MSCI EMU,Bund+BTP,60/20/20,HICP_EU,No Tax,3.0,86.26,1196165,1800272,0,5782437,13737,13.7,26,25.5,13,2000-12-30,2025-10-31,100000,6
1210,1210_block_notax_i_hicp_3_m_emu_b_deit_701515,MSCI EMU,Bund+BTP,70/15/15,HICP_EU,No Tax,3.0,82.5,1178489,2026879,0,7073308,17497,17.5,25,24.7,11,2000-12-30,2025-10-31,100000,6
1211,1211_block_notax_i_hicp_3_m_emu_b_deit_801010,MSCI EMU,Bund+BTP,80/10/10,HICP_EU,No Tax,3.0,78.67,1128981,2272731,0,8534382,21333,21.3,24,23.9,10,2000-12-30,2025-10-31,100000,6
1212,1212_block_notax_i_hicp_3_m_emu_b_deit_900505,MSCI EMU,Bund+BTP,90/5/5,HICP_EU,No Tax,3.0,74.91,1041853,2538312,0,10133553,25085,25.1,24,23.1,9,2000-12-30,2025-10-31,100000,6
1300,1300_block_notax_i_hicp_35_m_emu_b_de_6040,MSCI EMU,Bund,60/40,HICP_EU,No Tax,3.5,74.67,691761,1215332,0,4317890,25329,25.3,25,24.9,12,2000-12-30,2025-10-31,100000,6
1301,1301_block_notax_i_hicp_35_m_emu_b_de_7030,MSCI EMU,Bund,70/30,HICP_EU,No Tax,3.5,71.58,699079,1468573,0,5611341,28421,28.4,24,24.0,11,2000-12-30,2025-10-31,100000,6
1302,1302_block_notax_i_hicp_35_m_emu_b_de_8020,MSCI EMU,Bund,80/20,HICP_EU,No Tax,3.5,68.44,674721,1750325,0,7112888,31561,31.6,24,23.2,9,2000-12-30,2025-10-31,100000,6
1303,1303_block_notax_i_hicp_35_m_emu_b_de_9010,MSCI EMU,Bund,90/10,HICP_EU,No Tax,3.5,65.33,617549,2062354,0,8844336,34669,34.7,23,22.4,8,2000-12-30,2025-10-31,100000,6
1304,1304_block_notax_i_hicp_35_m_emu_b_de_1000,MSCI EMU,-,100,HICP_EU,No Tax,3.5,62.3,531095,2406763,0,10779451,37697,37.7,22,21.6,7,2000-12-30,2025-10-31,100000,6
1305,1305_block_notax_i_hicp_35_m_emu_b_it_6040,MSCI EMU,BTP,60/40,HICP_EU,No Tax,3.5,75.45,862311,1614827,0,5878841,24551,24.6,25,24.4,11,2000-12-30,2025-10-31,100000,6
1306,1306_block_notax_i_hicp_35_m_emu_b_it_7030,MSCI EMU,BTP,70/30,HICP_EU,No Tax,3.5,72.36,821294,1797794,0,6965314,27643,27.6,24,23.7,10,2000-12-30,2025-10-31,100000,6
1307,1307_block_notax_i_hicp_35_m_emu_b_it_8020,MSCI EMU,BTP,80/20,HICP_EU,No Tax,3.5,69.01,751371,1991126,0,8140818,30989,31.0,23,23.0,9,2000-12-30,2025-10-31,100000,6
1308,1308_block_notax_i_hicp_35_m_emu_b_it_9010,MSCI EMU,BTP,90/10,HICP_EU,No Tax,3.5,65.63,653355,2194354,0,9414787,34366,34.4,23,22.3,8,2000-12-30,2025-10-31,100000,6
1309,1309_block_notax_i_hicp_35_m_emu_b_deit_602020,MSCI EMU,Bund+BTP,60/20/20,HICP_EU,No Tax,3.5,75.37,782972,1408299,0,5046212,24635,24.6,25,24.7,11,2000-12-30,2025-10-31,100000,6
1310,1310_block_notax_i_hicp_35_m_emu_b_deit_701515,MSCI EMU,Bund+BTP,70/15/15,HICP_EU,No Tax,3.5,72.14,764414,1629028,0,6260436,27859,27.9,24,23.9,10,2000-12-30,2025-10-31,100000,6
1311,1311_block_notax_i_hicp_35_m_emu_b_deit_801010,MSCI EMU,Bund+BTP,80/10/10,HICP_EU,No Tax,3.5,68.81,714991,1868717,0,7606706,31195,31.2,23,23.1,9,2000-12-30,2025-10-31,100000,6
1312,1312_block_notax_i_hicp_35_m_emu_b_deit_900505,MSCI EMU,Bund+BTP,90/5/5,HICP_EU,No Tax,3.5,65.49,636142,2127814,0,9130317,34513,34.5,23,22.3,8,2000-12-30,2025-10-31,100000,6
