"",BBSSY.D.REN.EUR.A615.000000WT1515.A,BBSSY.D.REN.EUR.A615.000000WT1515.A_FLAGS
"",Daily yield of the current 15 year federal bond,
Comment,ISIN DE000BU2F009 seit dem 10. April 2024,
Decimals,2,
Time format code,P1D,
category,ZRWR,
unit,PROZENT,
unit multiplier,One,
last update,2025-12-05 12:33:33,
2020-05-11,-0.28,
2020-05-12,-0.28,
2020-05-13,-0.32,
2020-05-14,-0.33,
2020-05-15,-0.34,
2020-05-16,.,No value available
2020-05-17,.,No value available
2020-05-18,-0.34,
2020-05-19,-0.26,
2020-05-20,-0.26,
2020-05-21,-0.26,
2020-05-22,-0.29,
2020-05-23,.,No value available
2020-05-24,.,No value available
2020-05-25,-0.27,
2020-05-26,-0.21,
2020-05-27,-0.24,
2020-05-28,-0.21,
2020-05-29,-0.21,
2020-05-30,.,No value available
2020-05-31,.,No value available
2020-06-01,.,No value available
2020-06-02,-0.19,
2020-06-03,-0.17,
2020-06-04,-0.14,
2020-06-05,-0.06,
2020-06-06,.,No value available
2020-06-07,.,No value available
2020-06-08,-0.04,
2020-06-09,-0.10,
2020-06-10,-0.09,
2020-06-11,-0.16,
2020-06-12,-0.19,
2020-06-13,.,No value available
2020-06-14,.,No value available
2020-06-15,-0.22,
2020-06-16,-0.19,
2020-06-17,-0.17,
2020-06-18,-0.20,
2020-06-19,-0.22,
2020-06-20,.,No value available
2020-06-21,.,No value available
2020-06-22,-0.23,
2020-06-23,-0.22,
2020-06-24,-0.20,
2020-06-25,-0.27,
2020-06-26,-0.28,
2020-06-27,.,No value available
2020-06-28,.,No value available
2020-06-29,-0.28,
2020-06-30,-0.29,
2020-07-01,-0.24,
2020-07-02,-0.20,
2020-07-03,-0.24,
2020-07-04,.,No value available
2020-07-05,.,No value available
2020-07-06,-0.22,
2020-07-07,-0.23,
2020-07-08,-0.25,
2020-07-09,-0.24,
2020-07-10,-0.30,
2020-07-11,.,No value available
2020-07-12,.,No value available
2020-07-13,-0.27,
2020-07-14,-0.24,
2020-07-15,-0.29,
2020-07-16,-0.27,
2020-07-17,-0.27,
2020-07-18,.,No value available
2020-07-19,.,No value available
2020-07-20,-0.25,
2020-07-21,-0.28,
2020-07-22,-0.29,
2020-07-23,-0.31,
2020-07-24,-0.29,
2020-07-25,.,No value available
2020-07-26,.,No value available
2020-07-27,-0.29,
2020-07-28,-0.31,
2020-07-29,-0.32,
2020-07-30,-0.35,
2020-07-31,-0.37,
2020-08-01,.,No value available
2020-08-02,.,No value available
2020-08-03,-0.33,
2020-08-04,-0.35,
2020-08-05,-0.36,
2020-08-06,-0.34,
2020-08-07,-0.35,
2020-08-08,.,No value available
2020-08-09,.,No value available
2020-08-10,-0.32,
2020-08-11,-0.32,
2020-08-12,-0.26,
2020-08-13,-0.27,
2020-08-14,-0.22,
2020-08-15,.,No value available
2020-08-16,.,No value available
2020-08-17,-0.23,
2020-08-18,-0.26,
2020-08-19,-0.29,
2020-08-20,-0.29,
2020-08-21,-0.32,
2020-08-22,.,No value available
2020-08-23,.,No value available
2020-08-24,-0.29,
2020-08-25,-0.26,
2020-08-26,-0.21,
2020-08-27,-0.25,
2020-08-28,-0.18,
2020-08-29,.,No value available
2020-08-30,.,No value available
2020-08-31,-0.16,
2020-09-01,-0.16,
2020-09-02,-0.23,
2020-09-03,-0.25,
2020-09-04,-0.28,
2020-09-05,.,No value available
2020-09-06,.,No value available
2020-09-07,-0.26,
2020-09-08,-0.26,
2020-09-09,-0.29,
2020-09-10,-0.26,
2020-09-11,-0.27,
2020-09-12,.,No value available
2020-09-13,.,No value available
2020-09-14,-0.30,
2020-09-15,-0.27,
2020-09-16,-0.29,
2020-09-17,-0.28,
2020-09-18,-0.29,
2020-09-19,.,No value available
2020-09-20,.,No value available
2020-09-21,-0.31,
2020-09-22,-0.33,
2020-09-23,-0.30,
2020-09-24,-0.32,
2020-09-25,-0.32,
2020-09-26,.,No value available
2020-09-27,.,No value available
2020-09-28,-0.32,
2020-09-29,-0.35,
2020-09-30,-0.35,
2020-10-01,-0.32,
2020-10-02,-0.35,
2020-10-03,.,No value available
2020-10-04,.,No value available
2020-10-05,-0.34,
2020-10-06,-0.33,
2020-10-07,-0.32,
2020-10-08,-0.31,
2020-10-09,-0.35,
2020-10-10,.,No value available
2020-10-11,.,No value available
2020-10-12,-0.35,
2020-10-13,-0.36,
2020-10-14,-0.38,
2020-10-15,-0.43,
2020-10-16,-0.44,
2020-10-17,.,No value available
2020-10-18,.,No value available
2020-10-19,-0.43,
2020-10-20,-0.44,
2020-10-21,-0.40,
2020-10-22,-0.39,
2020-10-23,-0.38,
2020-10-24,.,No value available
2020-10-25,.,No value available
2020-10-26,-0.39,
2020-10-27,-0.39,
2020-10-28,-0.46,
2020-10-29,-0.45,
2020-10-30,-0.44,
2020-10-31,.,No value available
2020-11-01,.,No value available
2020-11-02,-0.43,
2020-11-03,-0.44,
2020-11-04,-0.47,
2020-11-05,-0.46,
2020-11-06,-0.46,
2020-11-07,.,No value available
2020-11-08,.,No value available
2020-11-09,-0.45,
2020-11-10,-0.30,
2020-11-11,-0.28,
2020-11-12,-0.31,
2020-11-13,-0.35,
2020-11-14,.,No value available
2020-11-15,.,No value available
2020-11-16,-0.37,
2020-11-17,-0.37,
2020-11-18,-0.38,
2020-11-19,-0.39,
2020-11-20,-0.39,
2020-11-21,.,No value available
2020-11-22,.,No value available
2020-11-23,-0.39,
2020-11-24,-0.38,
2020-11-25,-0.38,
2020-11-26,-0.38,
2020-11-27,-0.40,
2020-11-28,.,No value available
2020-11-29,.,No value available
2020-11-30,-0.40,
2020-12-01,-0.36,
2020-12-02,-0.32,
2020-12-03,-0.34,
2020-12-04,-0.36,
2020-12-05,.,No value available
2020-12-06,.,No value available
2020-12-07,-0.38,
2020-12-08,-0.40,
2020-12-09,-0.41,
2020-12-10,-0.43,
2020-12-11,-0.46,
2020-12-12,.,No value available
2020-12-13,.,No value available
2020-12-14,-0.45,
2020-12-15,-0.44,
2020-12-16,-0.41,
2020-12-17,-0.40,
2020-12-18,-0.37,
2020-12-19,.,No value available
2020-12-20,.,No value available
2020-12-21,-0.44,
2020-12-22,-0.42,
2020-12-23,-0.43,
2020-12-24,.,No value available
2020-12-25,.,No value available
2020-12-26,.,No value available
2020-12-27,.,No value available
2020-12-28,-0.36,
2020-12-29,-0.40,
2020-12-30,-0.38,
2020-12-31,.,No value available
2021-01-01,.,No value available
2021-01-02,.,No value available
2021-01-03,.,No value available
2021-01-04,-0.43,
2021-01-05,-0.42,
2021-01-06,-0.36,
2021-01-07,-0.37,
2021-01-08,-0.37,
2021-01-09,.,No value available
2021-01-10,.,No value available
2021-01-11,-0.37,
2021-01-12,-0.31,
2021-01-13,-0.34,
2021-01-14,-0.37,
2021-01-15,-0.38,
2021-01-16,.,No value available
2021-01-17,.,No value available
2021-01-18,-0.37,
2021-01-19,-0.35,
2021-01-20,-0.37,
2021-01-21,-0.36,
2021-01-22,-0.34,
2021-01-23,.,No value available
2021-01-24,.,No value available
2021-01-25,-0.37,
2021-01-26,-0.38,
2021-01-27,-0.37,
2021-01-28,-0.39,
2021-01-29,-0.34,
2021-01-30,.,No value available
2021-01-31,.,No value available
2021-02-01,-0.34,
2021-02-02,-0.32,
2021-02-03,-0.30,
2021-02-04,-0.29,
2021-02-05,-0.27,
2021-02-06,.,No value available
2021-02-07,.,No value available
2021-02-08,-0.24,
2021-02-09,-0.27,
2021-02-10,-0.26,
2021-02-11,-0.28,
2021-02-12,-0.27,
2021-02-13,.,No value available
2021-02-14,.,No value available
2021-02-15,-0.18,
2021-02-16,-0.18,
2021-02-17,-0.16,
2021-02-18,-0.16,
2021-02-19,-0.13,
2021-02-20,.,No value available
2021-02-21,.,No value available
2021-02-22,-0.10,
2021-02-23,-0.09,
2021-02-24,-0.11,
2021-02-25,-0.05,
2021-02-26,-0.06,
2021-02-27,.,No value available
2021-02-28,.,No value available
2021-03-01,-0.10,
2021-03-02,-0.11,
2021-03-03,-0.05,
2021-03-04,-0.04,
2021-03-05,-0.03,
2021-03-06,.,No value available
2021-03-07,.,No value available
2021-03-08,-0.02,
2021-03-09,-0.06,
2021-03-10,-0.04,
2021-03-11,-0.06,
2021-03-12,-0.05,
2021-03-13,.,No value available
2021-03-14,.,No value available
2021-03-15,-0.05,
2021-03-16,-0.07,
2021-03-17,-0.04,
2021-03-18,0.02,
2021-03-19,-0.02,
2021-03-20,.,No value available
2021-03-21,.,No value available
2021-03-22,-0.02,
2021-03-23,-0.04,
2021-03-24,-0.07,
2021-03-25,-0.07,
2021-03-26,-0.06,
2021-03-27,.,No value available
2021-03-28,.,No value available
2021-03-29,-0.04,
2021-03-30,0.04,
2021-03-31,0.02,
2021-04-01,-0.01,
2021-04-02,.,No value available
2021-04-03,.,No value available
2021-04-04,.,No value available
2021-04-05,.,No value available
2021-04-06,-0.01,
2021-04-07,-0.04,
2021-04-08,-0.04,
2021-04-09,-0.02,
2021-04-10,.,No value available
2021-04-11,.,No value available
2021-04-12,-0.03,
2021-04-13,0.01,
2021-04-14,-0.01,
2021-04-15,0.01,
2021-04-16,0.02,
2021-04-17,.,No value available
2021-04-18,.,No value available
2021-04-19,0.02,
2021-04-20,0.06,
2021-04-21,0.04,
2021-04-22,0.01,
2021-04-23,0.01,
2021-04-24,.,No value available
2021-04-25,.,No value available
2021-04-26,0.03,
2021-04-27,0.04,
2021-04-28,0.07,
2021-04-29,0.07,
2021-04-30,0.09,
2021-05-01,.,No value available
2021-05-02,.,No value available
2021-05-03,0.12,
2021-05-04,0.09,
2021-05-05,0.07,
2021-05-06,0.06,
2021-05-07,0.08,
2021-05-08,.,No value available
2021-05-09,.,No value available
2021-05-10,0.09,
2021-05-11,0.13,
2021-05-12,0.13,
2021-05-13,0.19,
2021-05-14,0.17,
2021-05-15,.,No value available
2021-05-16,.,No value available
2021-05-17,0.17,
2021-05-18,0.19,
2021-05-19,0.22,
2021-05-20,0.20,
2021-05-21,0.17,
2021-05-22,.,No value available
2021-05-23,.,No value available
2021-05-24,.,No value available
2021-05-25,0.14,
2021-05-26,0.11,
2021-05-27,0.10,
2021-05-28,0.14,
2021-05-29,.,No value available
2021-05-30,.,No value available
2021-05-31,0.14,
2021-06-01,0.11,
2021-06-02,0.12,
2021-06-03,0.12,
2021-06-04,0.11,
2021-06-05,.,No value available
2021-06-06,.,No value available
2021-06-07,0.10,
2021-06-08,0.10,
2021-06-09,0.07,
2021-06-10,0.06,
2021-06-11,0.02,
2021-06-12,.,No value available
2021-06-13,.,No value available
2021-06-14,0.03,
2021-06-15,0.04,
2021-06-16,0.07,
2021-06-17,0.08,
2021-06-18,0.04,
2021-06-19,.,No value available
2021-06-20,.,No value available
2021-06-21,0.04,
2021-06-22,0.09,
2021-06-23,0.09,
2021-06-24,0.09,
2021-06-25,0.08,
2021-06-26,.,No value available
2021-06-27,.,No value available
2021-06-28,0.10,
2021-06-29,0.08,
2021-06-30,0.07,
2021-07-01,0.07,
2021-07-02,0.04,
2021-07-03,.,No value available
2021-07-04,.,No value available
2021-07-05,0.04,
2021-07-06,0.04,
2021-07-07,-0.03,
2021-07-08,-0.09,
2021-07-09,-0.06,
2021-07-10,.,No value available
2021-07-11,.,No value available
2021-07-12,-0.06,
2021-07-13,-0.04,
2021-07-14,-0.03,
2021-07-15,-0.09,
2021-07-16,-0.09,
2021-07-17,.,No value available
2021-07-18,.,No value available
2021-07-19,-0.12,
2021-07-20,-0.17,
2021-07-21,-0.16,
2021-07-22,-0.14,
2021-07-23,-0.16,
2021-07-24,.,No value available
2021-07-25,.,No value available
2021-07-26,-0.18,
2021-07-27,-0.19,
2021-07-28,-0.18,
2021-07-29,-0.18,
2021-07-30,-0.18,
2021-07-31,.,No value available
2021-08-01,.,No value available
2021-08-02,-0.18,
2021-08-03,-0.21,
2021-08-04,-0.23,
2021-08-05,-0.25,
2021-08-06,-0.25,
2021-08-07,.,No value available
2021-08-08,.,No value available
2021-08-09,-0.23,
2021-08-10,-0.22,
2021-08-11,-0.20,
2021-08-12,-0.23,
2021-08-13,-0.23,
2021-08-14,.,No value available
2021-08-15,.,No value available
2021-08-16,-0.23,
2021-08-17,-0.27,
2021-08-18,-0.25,
2021-08-19,-0.27,
2021-08-20,-0.26,
2021-08-21,.,No value available
2021-08-22,.,No value available
2021-08-23,-0.23,
2021-08-24,-0.25,
2021-08-25,-0.23,
2021-08-26,-0.16,
2021-08-27,-0.17,
2021-08-28,.,No value available
2021-08-29,.,No value available
2021-08-30,-0.18,
2021-08-31,-0.19,
2021-09-01,-0.13,
2021-09-02,-0.14,
2021-09-03,-0.13,
2021-09-04,.,No value available
2021-09-05,.,No value available
2021-09-06,-0.11,
2021-09-07,-0.07,
2021-09-08,-0.08,
2021-09-09,-0.08,
2021-09-10,-0.09,
2021-09-11,.,No value available
2021-09-12,.,No value available
2021-09-13,-0.07,
2021-09-14,-0.06,
2021-09-15,-0.08,
2021-09-16,-0.04,
2021-09-17,-0.03,
2021-09-18,.,No value available
2021-09-19,.,No value available
2021-09-20,-0.05,
2021-09-21,-0.05,
2021-09-22,-0.06,
2021-09-23,-0.05,
2021-09-24,0.02,
2021-09-25,.,No value available
2021-09-26,.,No value available
2021-09-27,0.05,
2021-09-28,0.06,
2021-09-29,0.04,
2021-09-30,0.03,
2021-10-01,0.03,
2021-10-02,.,No value available
2021-10-03,.,No value available
2021-10-04,0.04,
2021-10-05,0.03,
2021-10-06,0.09,
2021-10-07,0.07,
2021-10-08,0.10,
2021-10-09,.,No value available
2021-10-10,.,No value available
2021-10-11,0.11,
2021-10-12,0.12,
2021-10-13,0.11,
2021-10-14,0.08,
2021-10-15,0.05,
2021-10-16,.,No value available
2021-10-17,.,No value available
2021-10-18,0.06,
2021-10-19,0.05,
2021-10-20,0.08,
2021-10-21,0.08,
2021-10-22,0.11,
2021-10-23,.,No value available
2021-10-24,.,No value available
2021-10-25,0.09,
2021-10-26,0.05,
2021-10-27,0.02,
2021-10-28,-0.03,
2021-10-29,0.05,
2021-10-30,.,No value available
2021-10-31,.,No value available
2021-11-01,0.04,
2021-11-02,0.00,
2021-11-03,-0.04,
2021-11-04,-0.02,
2021-11-05,-0.06,
2021-11-06,.,No value available
2021-11-07,.,No value available
2021-11-08,-0.09,
2021-11-09,-0.08,
2021-11-10,-0.13,
2021-11-11,-0.08,
2021-11-12,-0.08,
2021-11-13,.,No value available
2021-11-14,.,No value available
2021-11-15,-0.12,
2021-11-16,-0.07,
2021-11-17,-0.07,
2021-11-18,-0.09,
2021-11-19,-0.17,
2021-11-20,.,No value available
2021-11-21,.,No value available
2021-11-22,-0.16,
2021-11-23,-0.09,
2021-11-24,-0.06,
2021-11-25,-0.06,
2021-11-26,-0.13,
2021-11-27,.,No value available
2021-11-28,.,No value available
2021-11-29,-0.13,
2021-11-30,-0.17,
2021-12-01,-0.15,
2021-12-02,-0.19,
2021-12-03,-0.20,
2021-12-04,.,No value available
2021-12-05,.,No value available
2021-12-06,-0.21,
2021-12-07,-0.20,
2021-12-08,-0.23,
2021-12-09,-0.17,
2021-12-10,-0.17,
2021-12-11,.,No value available
2021-12-12,.,No value available
2021-12-13,-0.20,
2021-12-14,-0.21,
2021-12-15,-0.20,
2021-12-16,-0.17,
2021-12-17,-0.17,
2021-12-18,.,No value available
2021-12-19,.,No value available
2021-12-20,-0.20,
2021-12-21,-0.16,
2021-12-22,-0.09,
2021-12-23,-0.08,
2021-12-24,.,No value available
2021-12-25,.,No value available
2021-12-26,.,No value available
2021-12-27,-0.04,
2021-12-28,-0.04,
2021-12-29,-0.03,
2021-12-30,-0.01,
2021-12-31,.,No value available
2022-01-01,.,No value available
2022-01-02,.,No value available
2022-01-03,0.01,
2022-01-04,0.06,
2022-01-05,0.06,
2022-01-06,0.10,
2022-01-07,0.09,
2022-01-08,.,No value available
2022-01-09,.,No value available
2022-01-10,0.12,
2022-01-11,0.10,
2022-01-12,0.11,
2022-01-13,0.10,
2022-01-14,0.07,
2022-01-15,.,No value available
2022-01-16,.,No value available
2022-01-17,0.11,
2022-01-18,0.13,
2022-01-19,0.15,
2022-01-20,0.12,
2022-01-21,0.08,
2022-01-22,.,No value available
2022-01-23,.,No value available
2022-01-24,0.05,
2022-01-25,0.07,
2022-01-26,0.07,
2022-01-27,0.11,
2022-01-28,0.10,
2022-01-29,.,No value available
2022-01-30,.,No value available
2022-01-31,0.12,
2022-02-01,0.13,
2022-02-02,0.17,
2022-02-03,0.18,
2022-02-04,0.24,
2022-02-05,.,No value available
2022-02-06,.,No value available
2022-02-07,0.32,
2022-02-08,0.31,
2022-02-09,0.32,
2022-02-10,0.34,
2022-02-11,0.37,
2022-02-12,.,No value available
2022-02-13,.,No value available
2022-02-14,0.31,
2022-02-15,0.39,
2022-02-16,0.44,
2022-02-17,0.41,
2022-02-18,0.37,
2022-02-19,.,No value available
2022-02-20,.,No value available
2022-02-21,0.36,
2022-02-22,0.34,
2022-02-23,0.38,
2022-02-24,0.28,
2022-02-25,0.31,
2022-02-26,.,No value available
2022-02-27,.,No value available
2022-02-28,0.33,
2022-03-01,0.20,
2022-03-02,0.12,
2022-03-03,0.20,
2022-03-04,0.14,
2022-03-05,.,No value available
2022-03-06,.,No value available
2022-03-07,0.06,
2022-03-08,0.17,
2022-03-09,0.31,
2022-03-10,0.31,
2022-03-11,0.40,
2022-03-12,.,No value available
2022-03-13,.,No value available
2022-03-14,0.48,
2022-03-15,0.49,
2022-03-16,0.53,
2022-03-17,0.50,
2022-03-18,0.52,
2022-03-19,.,No value available
2022-03-20,.,No value available
2022-03-21,0.55,
2022-03-22,0.63,
2022-03-23,0.60,
2022-03-24,0.64,
2022-03-25,0.61,
2022-03-26,.,No value available
2022-03-27,.,No value available
2022-03-28,0.68,
2022-03-29,0.72,
2022-03-30,0.73,
2022-03-31,0.69,
2022-04-01,0.69,
2022-04-02,.,No value available
2022-04-03,.,No value available
2022-04-04,0.61,
2022-04-05,0.65,
2022-04-06,0.75,
2022-04-07,0.74,
2022-04-08,0.79,
2022-04-09,.,No value available
2022-04-10,.,No value available
2022-04-11,0.88,
2022-04-12,0.96,
2022-04-13,0.94,
2022-04-14,0.90,
2022-04-15,.,No value available
2022-04-16,.,No value available
2022-04-17,.,No value available
2022-04-18,.,No value available
2022-04-19,1.05,
2022-04-20,1.00,
2022-04-21,1.03,
2022-04-22,1.05,
2022-04-23,.,No value available
2022-04-24,.,No value available
2022-04-25,1.02,
2022-04-26,0.96,
2022-04-27,1.00,Estimated value
2022-04-28,1.01,Estimated value
2022-04-29,1.07,Estimated value
2022-04-30,.,No value available
2022-05-01,.,No value available
2022-05-02,1.10,Estimated value
2022-05-03,1.16,
2022-05-04,1.14,
2022-05-05,1.15,
2022-05-06,1.23,
2022-05-07,.,No value available
2022-05-08,.,No value available
2022-05-09,1.29,
2022-05-10,1.24,
2022-05-11,1.15,
2022-05-12,1.07,
2022-05-13,1.08,
2022-05-14,.,No value available
2022-05-15,.,No value available
2022-05-16,1.19,
2022-05-17,1.18,
2022-05-18,1.21,
2022-05-19,1.13,
2022-05-20,1.18,
2022-05-21,.,No value available
2022-05-22,.,No value available
2022-05-23,1.16,
2022-05-24,1.20,
2022-05-25,1.17,
2022-05-26,1.15,
2022-05-27,1.23,
2022-05-28,.,No value available
2022-05-29,.,No value available
2022-05-30,1.28,
2022-05-31,1.31,
2022-06-01,1.35,
2022-06-02,1.44,
2022-06-03,1.46,
2022-06-04,.,No value available
2022-06-05,.,No value available
2022-06-06,.,No value available
2022-06-07,1.51,
2022-06-08,1.53,
2022-06-09,1.56,
2022-06-10,1.58,
2022-06-11,.,No value available
2022-06-12,.,No value available
2022-06-13,1.67,
2022-06-14,1.77,
2022-06-15,1.91,
2022-06-16,1.94,
2022-06-17,1.84,
2022-06-18,.,No value available
2022-06-19,.,No value available
2022-06-20,1.84,
2022-06-21,1.96,
2022-06-22,1.91,
2022-06-23,1.68,
2022-06-24,1.70,
2022-06-25,.,No value available
2022-06-26,.,No value available
2022-06-27,1.73,
2022-06-28,1.82,
2022-06-29,1.81,
2022-06-30,1.68,
2022-07-01,1.66,
2022-07-02,.,No value available
2022-07-03,.,No value available
2022-07-04,1.57,
2022-07-05,1.54,
2022-07-06,1.46,
2022-07-07,1.52,
2022-07-08,1.49,
2022-07-09,.,No value available
2022-07-10,.,No value available
2022-07-11,1.53,
2022-07-12,1.35,
2022-07-13,1.39,
2022-07-14,1.44,
2022-07-15,1.33,
2022-07-16,.,No value available
2022-07-17,.,No value available
2022-07-18,1.40,
2022-07-19,1.43,
2022-07-20,1.42,
2022-07-21,1.48,
2022-07-22,1.27,
2022-07-23,.,No value available
2022-07-24,.,No value available
2022-07-25,1.30,
2022-07-26,1.21,
2022-07-27,1.17,
2022-07-28,1.22,
2022-07-29,1.14,
2022-07-30,.,No value available
2022-07-31,.,No value available
2022-08-01,1.08,
2022-08-02,0.97,
2022-08-03,1.04,
2022-08-04,1.06,
2022-08-05,1.00,
2022-08-06,.,No value available
2022-08-07,.,No value available
2022-08-08,1.09,
2022-08-09,1.12,
2022-08-10,1.10,
2022-08-11,1.12,
2022-08-12,1.21,
2022-08-13,.,No value available
2022-08-14,.,No value available
2022-08-15,1.15,
2022-08-16,1.14,
2022-08-17,1.27,
2022-08-18,1.28,
2022-08-19,1.36,
2022-08-20,.,No value available
2022-08-21,.,No value available
2022-08-22,1.40,
2022-08-23,1.46,
2022-08-24,1.49,
2022-08-25,1.50,
2022-08-26,1.53,
2022-08-27,.,No value available
2022-08-28,.,No value available
2022-08-29,1.66,
2022-08-30,1.63,
2022-08-31,1.69,
2022-09-01,1.75,
2022-09-02,1.75,
2022-09-03,.,No value available
2022-09-04,.,No value available
2022-09-05,1.74,
2022-09-06,1.72,
2022-09-07,1.75,
2022-09-08,1.75,
2022-09-09,1.88,
2022-09-10,.,No value available
2022-09-11,.,No value available
2022-09-12,1.87,
2022-09-13,1.84,
2022-09-14,1.88,
2022-09-15,1.89,
2022-09-16,1.90,
2022-09-17,.,No value available
2022-09-18,.,No value available
2022-09-19,1.93,
2022-09-20,2.01,
2022-09-21,2.00,
2022-09-22,1.96,
2022-09-23,2.08,
2022-09-24,.,No value available
2022-09-25,.,No value available
2022-09-26,2.14,
2022-09-27,2.17,
2022-09-28,2.40,
2022-09-29,2.33,
2022-09-30,2.24,
2022-10-01,.,No value available
2022-10-02,.,No value available
2022-10-03,2.26,
2022-10-04,1.98,
2022-10-05,2.13,
2022-10-06,2.16,
2022-10-07,2.26,
2022-10-08,.,No value available
2022-10-09,.,No value available
2022-10-10,2.33,
2022-10-11,2.49,
2022-10-12,2.57,
2022-10-13,2.52,
2022-10-14,2.43,
2022-10-15,.,No value available
2022-10-16,.,No value available
2022-10-17,2.47,
2022-10-18,2.54,
2022-10-19,2.51,
2022-10-20,2.60,
2022-10-21,2.67,
2022-10-22,.,No value available
2022-10-23,.,No value available
2022-10-24,2.60,
2022-10-25,2.44,
2022-10-26,2.33,
2022-10-27,2.36,
2022-10-28,2.29,
2022-10-29,.,No value available
2022-10-30,.,No value available
2022-10-31,2.32,
2022-11-01,2.25,
2022-11-02,2.32,
2022-11-03,2.38,
2022-11-04,2.37,
2022-11-05,.,No value available
2022-11-06,.,No value available
2022-11-07,2.40,
2022-11-08,2.45,
2022-11-09,2.38,
2022-11-10,2.31,
2022-11-11,2.23,
2022-11-12,.,No value available
2022-11-13,.,No value available
2022-11-14,2.31,
2022-11-15,2.27,
2022-11-16,2.27,
2022-11-17,2.14,
2022-11-18,2.20,
2022-11-19,.,No value available
2022-11-20,.,No value available
2022-11-21,2.16,
2022-11-22,2.13,
2022-11-23,2.11,
2022-11-24,1.95,
2022-11-25,2.01,
2022-11-26,.,No value available
2022-11-27,.,No value available
2022-11-28,2.05,
2022-11-29,2.00,
2022-11-30,2.01,
2022-12-01,1.92,
2022-12-02,1.87,
2022-12-03,.,No value available
2022-12-04,.,No value available
2022-12-05,1.88,
2022-12-06,1.89,
2022-12-07,1.85,
2022-12-08,1.83,
2022-12-09,1.91,
2022-12-10,.,No value available
2022-12-11,.,No value available
2022-12-12,1.95,
2022-12-13,1.98,
2022-12-14,2.02,
2022-12-15,2.00,
2022-12-16,2.21,
2022-12-17,.,No value available
2022-12-18,.,No value available
2022-12-19,2.25,
2022-12-20,2.35,
2022-12-21,2.36,
2022-12-22,2.38,
2022-12-23,2.45,
2022-12-24,.,No value available
2022-12-25,.,No value available
2022-12-26,.,No value available
2022-12-27,2.56,
2022-12-28,2.56,
2022-12-29,2.57,
2022-12-30,2.61,
2022-12-31,.,No value available
2023-01-01,.,No value available
2023-01-02,2.58,
2023-01-03,2.42,
2023-01-04,2.38,
2023-01-05,2.39,
2023-01-06,2.40,
2023-01-07,.,No value available
2023-01-08,.,No value available
2023-01-09,2.37,
2023-01-10,2.39,
2023-01-11,2.35,
2023-01-12,2.30,
2023-01-13,2.22,
2023-01-14,.,No value available
2023-01-15,.,No value available
2023-01-16,2.31,
2023-01-17,2.28,
2023-01-18,2.19,
2023-01-19,2.12,
2023-01-20,2.22,
2023-01-21,.,No value available
2023-01-22,.,No value available
2023-01-23,2.28,
2023-01-24,2.27,
2023-01-25,2.20,
2023-01-26,2.28,
2023-01-27,2.35,
2023-01-28,.,No value available
2023-01-29,.,No value available
2023-01-30,2.38,
2023-01-31,2.38,
2023-02-01,2.34,
2023-02-02,2.34,
2023-02-03,2.26,
2023-02-04,.,No value available
2023-02-05,.,No value available
2023-02-06,2.37,
2023-02-07,2.38,
2023-02-08,2.44,
2023-02-09,2.37,
2023-02-10,2.42,
2023-02-11,.,No value available
2023-02-12,.,No value available
2023-02-13,2.43,
2023-02-14,2.43,
2023-02-15,2.48,
2023-02-16,2.56,
2023-02-17,2.62,
2023-02-18,.,No value available
2023-02-19,.,No value available
2023-02-20,2.53,
2023-02-21,2.57,
2023-02-22,2.62,
2023-02-23,2.62,
2023-02-24,2.55,
2023-02-25,.,No value available
2023-02-26,.,No value available
2023-02-27,2.66,
2023-02-28,2.74,
2023-03-01,2.80,
2023-03-02,2.84,
2023-03-03,2.79,
2023-03-04,.,No value available
2023-03-05,.,No value available
2023-03-06,2.73,
2023-03-07,2.73,
2023-03-08,2.76,
2023-03-09,2.75,
2023-03-10,2.62,
2023-03-11,.,No value available
2023-03-12,.,No value available
2023-03-13,2.37,
2023-03-14,2.46,
2023-03-15,2.42,
2023-03-16,2.39,
2023-03-17,2.36,
2023-03-18,.,No value available
2023-03-19,.,No value available
2023-03-20,2.17,
2023-03-21,2.36,
2023-03-22,2.43,
2023-03-23,2.40,
2023-03-24,2.18,
2023-03-25,.,No value available
2023-03-26,.,No value available
2023-03-27,2.32,
2023-03-28,2.46,
2023-03-29,2.45,
2023-03-30,2.47,
2023-03-31,2.49,
2023-04-01,.,No value available
2023-04-02,.,No value available
2023-04-03,2.49,
2023-04-04,2.43,
2023-04-05,2.43,
2023-04-06,2.29,
2023-04-07,.,No value available
2023-04-08,.,No value available
2023-04-09,.,No value available
2023-04-10,.,No value available
2023-04-11,2.38,
2023-04-12,2.46,
2023-04-13,2.53,
2023-04-14,2.53,
2023-04-15,.,No value available
2023-04-16,.,No value available
2023-04-17,2.58,
2023-04-18,2.62,
2023-04-19,2.65,
2023-04-20,2.62,
2023-04-21,2.59,
2023-04-22,.,No value available
2023-04-23,.,No value available
2023-04-24,2.61,
2023-04-25,2.61,
2023-04-26,2.51,
2023-04-27,2.59,
2023-04-28,2.52,
2023-04-29,.,No value available
2023-04-30,.,No value available
2023-05-01,.,No value available
2023-05-02,2.53,
2023-05-03,2.40,
2023-05-04,2.43,
2023-05-05,2.45,
2023-05-06,.,No value available
2023-05-07,.,No value available
2023-05-08,2.50,
2023-05-09,2.52,
2023-05-10,2.54,
2023-05-11,2.49,
2023-05-12,2.44,
2023-05-13,.,No value available
2023-05-14,.,No value available
2023-05-15,2.49,
2023-05-16,2.50,
2023-05-17,2.54,
2023-05-18,2.61,
2023-05-19,2.66,
2023-05-20,.,No value available
2023-05-21,.,No value available
2023-05-22,2.62,
2023-05-23,2.68,
2023-05-24,2.66,
2023-05-25,2.67,
2023-05-26,2.72,
2023-05-27,.,No value available
2023-05-28,.,No value available
2023-05-29,2.67,
2023-05-30,2.60,
2023-05-31,2.48,
2023-06-01,2.49,
2023-06-02,2.49,
2023-06-03,.,No value available
2023-06-04,.,No value available
2023-06-05,2.57,
2023-06-06,2.52,
2023-06-07,2.56,
2023-06-08,2.64,
2023-06-09,2.60,
2023-06-10,.,No value available
2023-06-11,.,No value available
2023-06-12,2.57,
2023-06-13,2.56,
2023-06-14,2.63,
2023-06-15,2.65,
2023-06-16,2.64,
2023-06-17,.,No value available
2023-06-18,.,No value available
2023-06-19,2.64,
2023-06-20,2.65,
2023-06-21,2.56,
2023-06-22,2.57,
2023-06-23,2.50,
2023-06-24,.,No value available
2023-06-25,.,No value available
2023-06-26,2.44,
2023-06-27,2.45,
2023-06-28,2.45,
2023-06-29,2.47,
2023-06-30,2.54,
2023-07-01,.,No value available
2023-07-02,.,No value available
2023-07-03,2.47,
2023-07-04,2.54,
2023-07-05,2.51,
2023-07-06,2.61,
2023-07-07,2.72,
2023-07-08,.,No value available
2023-07-09,.,No value available
2023-07-10,2.75,
2023-07-11,2.69,
2023-07-12,2.72,
2023-07-13,2.60,
2023-07-14,2.60,
2023-07-15,.,No value available
2023-07-16,.,No value available
2023-07-17,2.59,
2023-07-18,2.52,
2023-07-19,2.46,
2023-07-20,2.53,
2023-07-21,2.59,
2023-07-22,.,No value available
2023-07-23,.,No value available
2023-07-24,2.51,
2023-07-25,2.55,
2023-07-26,2.55,
2023-07-27,2.61,
2023-07-28,2.63,
2023-07-29,.,No value available
2023-07-30,.,No value available
2023-07-31,2.66,
2023-08-01,2.64,
2023-08-02,2.68,
2023-08-03,2.73,
2023-08-04,2.75,
2023-08-05,.,No value available
2023-08-06,.,No value available
2023-08-07,2.72,
2023-08-08,2.63,
2023-08-09,2.60,
2023-08-10,2.67,
2023-08-11,2.70,
2023-08-12,.,No value available
2023-08-13,.,No value available
2023-08-14,2.74,
2023-08-15,2.82,
2023-08-16,2.78,
2023-08-17,2.82,
2023-08-18,2.75,
2023-08-19,.,No value available
2023-08-20,.,No value available
2023-08-21,2.78,
2023-08-22,2.80,
2023-08-23,2.67,
2023-08-24,2.62,
2023-08-25,2.68,
2023-08-26,.,No value available
2023-08-27,.,No value available
2023-08-28,2.71,
2023-08-29,2.71,
2023-08-30,2.68,
2023-08-31,2.65,
2023-09-01,2.63,
2023-09-02,.,No value available
2023-09-03,.,No value available
2023-09-04,2.72,
2023-09-05,2.75,
2023-09-06,2.77,
2023-09-07,2.77,
2023-09-08,2.75,
2023-09-09,.,No value available
2023-09-10,.,No value available
2023-09-11,2.75,
2023-09-12,2.77,
2023-09-13,2.82,
2023-09-14,2.78,
2023-09-15,2.79,
2023-09-16,.,No value available
2023-09-17,.,No value available
2023-09-18,2.84,
2023-09-19,2.86,
2023-09-20,2.86,
2023-09-21,2.88,
2023-09-22,2.88,
2023-09-23,.,No value available
2023-09-24,.,No value available
2023-09-25,2.94,
2023-09-26,2.97,
2023-09-27,2.95,
2023-09-28,3.08,
2023-09-29,3.01,
2023-09-30,.,No value available
2023-10-01,.,No value available
2023-10-02,3.05,
2023-10-03,3.11,
2023-10-04,3.16,
2023-10-05,3.13,
2023-10-06,3.09,
2023-10-07,.,No value available
2023-10-08,.,No value available
2023-10-09,3.04,
2023-10-10,2.99,
2023-10-11,2.92,
2023-10-12,2.92,
2023-10-13,2.94,
2023-10-14,.,No value available
2023-10-15,.,No value available
2023-10-16,2.97,
2023-10-17,3.00,
2023-10-18,3.10,
2023-10-19,3.13,
2023-10-20,3.12,
2023-10-21,.,No value available
2023-10-22,.,No value available
2023-10-23,3.15,
2023-10-24,2.99,
2023-10-25,3.06,
2023-10-26,3.10,
2023-10-27,3.06,
2023-10-28,.,No value available
2023-10-29,.,No value available
2023-10-30,3.04,
2023-10-31,3.01,
2023-11-01,3.07,
2023-11-02,2.96,
2023-11-03,2.96,
2023-11-04,.,No value available
2023-11-05,.,No value available
2023-11-06,2.94,
2023-11-07,2.93,
2023-11-08,2.86,
2023-11-09,2.87,
2023-11-10,2.95,
2023-11-11,.,No value available
2023-11-12,.,No value available
2023-11-13,2.92,
2023-11-14,2.91,
2023-11-15,2.81,
2023-11-16,2.84,
2023-11-17,2.75,
2023-11-18,.,No value available
2023-11-19,.,No value available
2023-11-20,2.81,
2023-11-21,2.79,
2023-11-22,2.78,
2023-11-23,2.77,
2023-11-24,2.83,
2023-11-25,.,No value available
2023-11-26,.,No value available
2023-11-27,2.81,
2023-11-28,2.75,
2023-11-29,2.67,
2023-11-30,2.64,
2023-12-01,2.64,
2023-12-02,.,No value available
2023-12-03,.,No value available
2023-12-04,2.59,
2023-12-05,2.52,
2023-12-06,2.45,
2023-12-07,2.36,
2023-12-08,2.43,
2023-12-09,.,No value available
2023-12-10,.,No value available
2023-12-11,2.44,
2023-12-12,2.42,
2023-12-13,2.38,
2023-12-14,2.26,
2023-12-15,2.23,
2023-12-16,.,No value available
2023-12-17,.,No value available
2023-12-18,2.21,
2023-12-19,2.22,
2023-12-20,2.18,
2023-12-21,2.15,
2023-12-22,2.15,
2023-12-23,.,No value available
2023-12-24,.,No value available
2023-12-25,.,No value available
2023-12-26,.,No value available
2023-12-27,2.13,
2023-12-28,2.12,
2023-12-29,2.23,
2023-12-30,.,No value available
2023-12-31,.,No value available
2024-01-01,.,No value available
2024-01-02,2.31,
2024-01-03,2.28,
2024-01-04,2.28,
2024-01-05,2.36,
2024-01-06,.,No value available
2024-01-07,.,No value available
2024-01-08,2.37,
2024-01-09,2.40,
2024-01-10,2.38,
2024-01-11,2.39,
2024-01-12,2.37,
2024-01-13,.,No value available
2024-01-14,.,No value available
2024-01-15,2.40,
2024-01-16,2.41,
2024-01-17,2.44,
2024-01-18,2.48,
2024-01-19,2.50,
2024-01-20,.,No value available
2024-01-21,.,No value available
2024-01-22,2.47,
2024-01-23,2.49,
2024-01-24,2.51,
2024-01-25,2.54,
2024-01-26,2.45,
2024-01-27,.,No value available
2024-01-28,.,No value available
2024-01-29,2.42,
2024-01-30,2.42,
2024-01-31,2.40,
2024-02-01,2.40,
2024-02-02,2.36,
2024-02-03,.,No value available
2024-02-04,.,No value available
2024-02-05,2.46,
2024-02-06,2.51,
2024-02-07,2.47,
2024-02-08,2.48,
2024-02-09,2.53,
2024-02-10,.,No value available
2024-02-11,.,No value available
2024-02-12,2.53,
2024-02-13,2.54,
2024-02-14,2.54,
2024-02-15,2.48,
2024-02-16,2.55,
2024-02-17,.,No value available
2024-02-18,.,No value available
2024-02-19,2.56,
2024-02-20,2.55,
2024-02-21,2.56,
2024-02-22,2.60,
2024-02-23,2.60,
2024-02-24,.,No value available
2024-02-25,.,No value available
2024-02-26,2.51,
2024-02-27,2.56,
2024-02-28,2.60,
2024-02-29,2.64,
2024-03-01,2.55,
2024-03-02,.,No value available
2024-03-03,.,No value available
2024-03-04,2.53,
2024-03-05,2.52,
2024-03-06,2.50,
2024-03-07,2.44,
2024-03-08,2.41,
2024-03-09,.,No value available
2024-03-10,.,No value available
2024-03-11,2.42,
2024-03-12,2.44,
2024-03-13,2.46,
2024-03-14,2.52,
2024-03-15,2.59,
2024-03-16,.,No value available
2024-03-17,.,No value available
2024-03-18,2.61,
2024-03-19,2.58,
2024-03-20,2.57,
2024-03-21,2.55,
2024-03-22,2.52,
2024-03-23,.,No value available
2024-03-24,.,No value available
2024-03-25,2.49,
2024-03-26,2.50,
2024-03-27,2.48,
2024-03-28,2.46,
2024-03-29,.,No value available
2024-03-30,.,No value available
2024-03-31,.,No value available
2024-04-01,.,No value available
2024-04-02,2.51,
2024-04-03,2.55,
2024-04-04,2.52,
2024-04-05,2.51,
2024-04-06,.,No value available
2024-04-07,.,No value available
2024-04-08,2.60,
2024-04-09,2.54,
2024-04-10,2.56,
2024-04-11,2.64,
2024-04-12,2.57,
2024-04-13,.,No value available
2024-04-14,.,No value available
2024-04-15,2.59,
2024-04-16,2.65,
2024-04-17,2.67,
2024-04-18,2.63,
2024-04-19,2.65,
2024-04-20,.,No value available
2024-04-21,.,No value available
2024-04-22,2.71,
2024-04-23,2.67,
2024-04-24,2.73,
2024-04-25,2.76,
2024-04-26,2.78,
2024-04-27,.,No value available
2024-04-28,.,No value available
2024-04-29,2.71,
2024-04-30,2.73,
2024-05-01,.,No value available
2024-05-02,2.72,
2024-05-03,2.70,
2024-05-04,.,No value available
2024-05-05,.,No value available
2024-05-06,2.63,
2024-05-07,2.62,
2024-05-08,2.61,
2024-05-09,2.68,
2024-05-10,2.65,
2024-05-11,.,No value available
2024-05-12,.,No value available
2024-05-13,2.70,
2024-05-14,2.70,
2024-05-15,2.68,
2024-05-16,2.62,
2024-05-17,2.68,
2024-05-18,.,No value available
2024-05-19,.,No value available
2024-05-20,2.71,
2024-05-21,2.70,
2024-05-22,2.72,
2024-05-23,2.73,
2024-05-24,2.76,
2024-05-25,.,No value available
2024-05-26,.,No value available
2024-05-27,2.77,
2024-05-28,2.74,
2024-05-29,2.81,
2024-05-30,2.86,
2024-05-31,2.88,
2024-06-01,.,No value available
2024-06-02,.,No value available
2024-06-03,2.83,
2024-06-04,2.75,
2024-06-05,2.74,
2024-06-06,2.72,
2024-06-07,2.75,
2024-06-08,.,No value available
2024-06-09,.,No value available
2024-06-10,2.83,
2024-06-11,2.84,
2024-06-12,2.79,
2024-06-13,2.74,
2024-06-14,2.60,
2024-06-15,.,No value available
2024-06-16,.,No value available
2024-06-17,2.58,
2024-06-18,2.61,
2024-06-19,2.59,
2024-06-20,2.63,
2024-06-21,2.59,
2024-06-22,.,No value available
2024-06-23,.,No value available
2024-06-24,2.63,
2024-06-25,2.64,
2024-06-26,2.65,
2024-06-27,2.68,
2024-06-28,2.68,
2024-06-29,.,No value available
2024-06-30,.,No value available
2024-07-01,2.81,
2024-07-02,2.83,
2024-07-03,2.82,
2024-07-04,2.80,
2024-07-05,2.78,
2024-07-06,.,No value available
2024-07-07,.,No value available
2024-07-08,2.77,
2024-07-09,2.76,
2024-07-10,2.74,
2024-07-11,2.73,
2024-07-12,2.71,
2024-07-13,.,No value available
2024-07-14,.,No value available
2024-07-15,2.68,
2024-07-16,2.65,
2024-07-17,2.62,
2024-07-18,2.65,
2024-07-19,2.64,
2024-07-20,.,No value available
2024-07-21,.,No value available
2024-07-22,2.69,
2024-07-23,2.68,
2024-07-24,2.64,
2024-07-25,2.64,
2024-07-26,2.66,
2024-07-27,.,No value available
2024-07-28,.,No value available
2024-07-29,2.57,
2024-07-30,2.58,
2024-07-31,2.56,
2024-08-01,2.52,
2024-08-02,2.46,
2024-08-03,.,No value available
2024-08-04,.,No value available
2024-08-05,2.38,
2024-08-06,2.40,
2024-08-07,2.50,
2024-08-08,2.48,
2024-08-09,2.50,
2024-08-10,.,No value available
2024-08-11,.,No value available
2024-08-12,2.49,
2024-08-13,2.48,
2024-08-14,2.46,
2024-08-15,2.45,
2024-08-16,2.48,
2024-08-17,.,No value available
2024-08-18,.,No value available
2024-08-19,2.46,
2024-08-20,2.49,
2024-08-21,2.47,
2024-08-22,2.47,
2024-08-23,2.50,
2024-08-24,.,No value available
2024-08-25,.,No value available
2024-08-26,2.49,
2024-08-27,2.52,
2024-08-28,2.52,
2024-08-29,2.51,
2024-08-30,2.53,
2024-08-31,.,No value available
2024-09-01,.,No value available
2024-09-02,2.60,
2024-09-03,2.59,
2024-09-04,2.51,
2024-09-05,2.48,
2024-09-06,2.42,
2024-09-07,.,No value available
2024-09-08,.,No value available
2024-09-09,2.51,
2024-09-10,2.44,
2024-09-11,2.39,
2024-09-12,2.42,
2024-09-13,2.42,
2024-09-14,.,No value available
2024-09-15,.,No value available
2024-09-16,2.43,
2024-09-17,2.38,
2024-09-18,2.44,
2024-09-19,2.48,
2024-09-20,2.46,
2024-09-21,.,No value available
2024-09-22,.,No value available
2024-09-23,2.46,
2024-09-24,2.50,
2024-09-25,2.46,
2024-09-26,2.45,
2024-09-27,2.43,
2024-09-28,.,No value available
2024-09-29,.,No value available
2024-09-30,2.47,
2024-10-01,2.37,
2024-10-02,2.39,
2024-10-03,2.44,
2024-10-04,2.48,
2024-10-05,.,No value available
2024-10-06,.,No value available
2024-10-07,2.54,
2024-10-08,2.55,
2024-10-09,2.53,
2024-10-10,2.55,
2024-10-11,2.57,
2024-10-12,.,No value available
2024-10-13,.,No value available
2024-10-14,2.54,
2024-10-15,2.51,
2024-10-16,2.48,
2024-10-17,2.49,
2024-10-18,2.49,
2024-10-19,.,No value available
2024-10-20,.,No value available
2024-10-21,2.53,
2024-10-22,2.61,
2024-10-23,2.61,
2024-10-24,2.57,
2024-10-25,2.57,
2024-10-26,.,No value available
2024-10-27,.,No value available
2024-10-28,2.58,
2024-10-29,2.61,
2024-10-30,2.58,
2024-10-31,2.66,
2024-11-01,2.65,
2024-11-02,.,No value available
2024-11-03,.,No value available
2024-11-04,2.66,
2024-11-05,2.64,
2024-11-06,2.65,
2024-11-07,2.74,
2024-11-08,2.64,
2024-11-09,.,No value available
2024-11-10,.,No value available
2024-11-11,2.56,
2024-11-12,2.54,
2024-11-13,2.59,
2024-11-14,2.62,
2024-11-15,2.56,
2024-11-16,.,No value available
2024-11-17,.,No value available
2024-11-18,2.62,
2024-11-19,2.53,
2024-11-20,2.58,
2024-11-21,2.54,
2024-11-22,2.49,
2024-11-23,.,No value available
2024-11-24,.,No value available
2024-11-25,2.48,
2024-11-26,2.45,
2024-11-27,2.38,
2024-11-28,2.40,
2024-11-29,2.35,
2024-11-30,.,No value available
2024-12-01,.,No value available
2024-12-02,2.29,
2024-12-03,2.30,
2024-12-04,2.31,
2024-12-05,2.31,
2024-12-06,2.34,
2024-12-07,.,No value available
2024-12-08,.,No value available
2024-12-09,2.34,
2024-12-10,2.37,
2024-12-11,2.37,
2024-12-12,2.42,
2024-12-13,2.49,
2024-12-14,.,No value available
2024-12-15,.,No value available
2024-12-16,2.49,
2024-12-17,2.49,
2024-12-18,2.50,
2024-12-19,2.51,
2024-12-20,2.54,
2024-12-21,.,No value available
2024-12-22,.,No value available
2024-12-23,2.55,
2024-12-24,.,No value available
2024-12-25,.,No value available
2024-12-26,.,No value available
2024-12-27,2.63,
2024-12-28,.,No value available
2024-12-29,.,No value available
2024-12-30,2.63,
2024-12-31,.,No value available
2025-01-01,.,No value available
2025-01-02,2.60,
2025-01-03,2.62,
2025-01-04,.,No value available
2025-01-05,.,No value available
2025-01-06,2.69,
2025-01-07,2.71,
2025-01-08,2.73,
2025-01-09,2.78,
2025-01-10,2.81,
2025-01-11,.,No value available
2025-01-12,.,No value available
2025-01-13,2.85,
2025-01-14,2.85,
2025-01-15,2.86,
2025-01-16,2.81,
2025-01-17,2.76,
2025-01-18,.,No value available
2025-01-19,.,No value available
2025-01-20,2.77,
2025-01-21,2.74,
2025-01-22,2.74,
2025-01-23,2.77,
2025-01-24,2.80,
2025-01-25,.,No value available
2025-01-26,.,No value available
2025-01-27,2.75,
2025-01-28,2.78,
2025-01-29,2.77,
2025-01-30,2.76,
2025-01-31,2.73,
2025-02-01,.,No value available
2025-02-02,.,No value available
2025-02-03,2.65,
2025-02-04,2.67,
2025-02-05,2.60,
2025-02-06,2.61,
2025-02-07,2.60,
2025-02-08,.,No value available
2025-02-09,.,No value available
2025-02-10,2.62,
2025-02-11,2.65,
2025-02-12,2.70,
2025-02-13,2.70,
2025-02-14,2.66,
2025-02-15,.,No value available
2025-02-16,.,No value available
2025-02-17,2.74,
2025-02-18,2.75,
2025-02-19,2.76,
2025-02-20,2.79,
2025-02-21,2.73,
2025-02-22,.,No value available
2025-02-23,.,No value available
2025-02-24,2.70,
2025-02-25,2.71,
2025-02-26,2.68,
2025-02-27,2.69,
2025-02-28,2.64,
2025-03-01,.,No value available
2025-03-02,.,No value available
2025-03-03,2.73,
2025-03-04,2.74,
2025-03-05,2.96,
2025-03-06,3.10,
2025-03-07,3.07,
2025-03-08,.,No value available
2025-03-09,.,No value available
2025-03-10,3.06,
2025-03-11,3.13,
2025-03-12,3.17,
2025-03-13,3.17,
2025-03-14,3.16,
2025-03-15,.,No value available
2025-03-16,.,No value available
2025-03-17,3.09,
2025-03-18,3.12,
2025-03-19,3.05,
2025-03-20,3.04,
2025-03-21,3.04,
2025-03-22,.,No value available
2025-03-23,.,No value available
2025-03-24,3.07,
2025-03-25,3.11,
2025-03-26,3.08,
2025-03-27,3.09,
2025-03-28,3.02,
2025-03-29,.,No value available
2025-03-30,.,No value available
2025-03-31,2.99,
2025-04-01,2.97,
2025-04-02,2.97,
2025-04-03,2.96,
2025-04-04,2.84,
2025-04-05,.,No value available
2025-04-06,.,No value available
2025-04-07,2.77,
2025-04-08,2.93,
2025-04-09,2.93,
2025-04-10,2.95,
2025-04-11,2.86,
2025-04-12,.,No value available
2025-04-13,.,No value available
2025-04-14,2.85,
2025-04-15,2.82,
2025-04-16,2.82,
2025-04-17,2.85,
2025-04-18,.,No value available
2025-04-19,.,No value available
2025-04-20,.,No value available
2025-04-21,.,No value available
2025-04-22,2.79,
2025-04-23,2.80,
2025-04-24,2.79,
2025-04-25,2.81,
2025-04-26,.,No value available
2025-04-27,.,No value available
2025-04-28,2.84,
2025-04-29,2.83,
2025-04-30,2.80,
2025-05-01,.,No value available
2025-05-02,2.80,
2025-05-03,.,No value available
2025-05-04,.,No value available
2025-05-05,2.86,
2025-05-06,2.89,
2025-05-07,2.87,
2025-05-08,2.86,
2025-05-09,2.94,
2025-05-10,.,No value available
2025-05-11,.,No value available
2025-05-12,2.97,
2025-05-13,3.03,
2025-05-14,3.03,
2025-05-15,3.02,
2025-05-16,2.91,
2025-05-17,.,No value available
2025-05-18,.,No value available
2025-05-19,3.00,
2025-05-20,2.91,
2025-05-21,3.02,
2025-05-22,3.01,
2025-05-23,2.99,
2025-05-24,.,No value available
2025-05-25,.,No value available
2025-05-26,2.97,
2025-05-27,2.89,
2025-05-28,2.91,
2025-05-29,2.91,
2025-05-30,2.88,
2025-05-31,.,No value available
2025-06-01,.,No value available
2025-06-02,2.90,
2025-06-03,2.85,
2025-06-04,2.88,
2025-06-05,2.83,
2025-06-06,2.87,
2025-06-07,.,No value available
2025-06-08,.,No value available
2025-06-09,2.86,
2025-06-10,2.87,
2025-06-11,2.89,
2025-06-12,2.84,
2025-06-13,2.82,
2025-06-14,.,No value available
2025-06-15,.,No value available
2025-06-16,2.90,
2025-06-17,2.88,
2025-06-18,2.88,
2025-06-19,2.85,
2025-06-20,2.85,
2025-06-21,.,No value available
2025-06-22,.,No value available
2025-06-23,2.88,
2025-06-24,2.90,
2025-06-25,2.88,
2025-06-26,2.90,
2025-06-27,2.92,
2025-06-28,.,No value available
2025-06-29,.,No value available
2025-06-30,2.92,
2025-07-01,2.90,
2025-07-02,2.94,
2025-07-03,2.94,
2025-07-04,2.90,
2025-07-05,.,No value available
2025-07-06,.,No value available
2025-07-07,2.94,
2025-07-08,3.02,
2025-07-09,3.00,
2025-07-10,3.01,
2025-07-11,3.06,
2025-07-12,.,No value available
2025-07-13,.,No value available
2025-07-14,3.05,
2025-07-15,3.03,
2025-07-16,3.05,
2025-07-17,3.04,
2025-07-18,3.04,
2025-07-19,.,No value available
2025-07-20,.,No value available
2025-07-21,2.99,
2025-07-22,2.97,
2025-07-23,2.97,
2025-07-24,3.00,
2025-07-25,3.09,
2025-07-26,.,No value available
2025-07-27,.,No value available
2025-07-28,3.02,
2025-07-29,3.04,
2025-07-30,3.03,
2025-07-31,3.03,
2025-08-01,3.04,
2025-08-02,.,No value available
2025-08-03,.,No value available
2025-08-04,3.03,
2025-08-05,2.97,
2025-08-06,2.99,
2025-08-07,2.97,
2025-08-08,2.99,
2025-08-09,.,No value available
2025-08-10,.,No value available
2025-08-11,3.02,
2025-08-12,3.05,
2025-08-13,3.06,
2025-08-14,3.01,
2025-08-15,3.10,
2025-08-16,.,No value available
2025-08-17,.,No value available
2025-08-18,3.11,
2025-08-19,3.14,
2025-08-20,3.09,
2025-08-21,3.09,
2025-08-22,3.11,
2025-08-23,.,No value available
2025-08-24,.,No value available
2025-08-25,3.12,
2025-08-26,3.10,
2025-08-27,3.06,
2025-08-28,3.08,
2025-08-29,3.08,
2025-08-30,.,No value available
2025-08-31,.,No value available
2025-09-01,3.13,
2025-09-02,3.16,
2025-09-03,3.17,
2025-09-04,3.09,
2025-09-05,3.11,
2025-09-06,.,No value available
2025-09-07,.,No value available
2025-09-08,3.06,
2025-09-09,3.05,
2025-09-10,3.04,
2025-09-11,3.04,
2025-09-12,3.06,
2025-09-13,.,No value available
2025-09-14,.,No value available
2025-09-15,3.06,
2025-09-16,3.05,
2025-09-17,3.04,
2025-09-18,3.04,
2025-09-19,3.10,
2025-09-20,.,No value available
2025-09-21,.,No value available
2025-09-22,3.12,
2025-09-23,3.13,
2025-09-24,3.12,
2025-09-25,3.11,
2025-09-26,3.12,
2025-09-27,.,No value available
2025-09-28,.,No value available
2025-09-29,3.09,
2025-09-30,3.08,
2025-10-01,3.10,
2025-10-02,3.08,
2025-10-03,3.07,
2025-10-04,.,No value available
2025-10-05,.,No value available
2025-10-06,3.09,
2025-10-07,3.11,
2025-10-08,3.06,
2025-10-09,3.07,
2025-10-10,3.04,
2025-10-11,.,No value available
2025-10-12,.,No value available
2025-10-13,3.01,
2025-10-14,2.96,
2025-10-15,2.96,
2025-10-16,2.94,
2025-10-17,2.93,
2025-10-18,.,No value available
2025-10-19,.,No value available
2025-10-20,2.97,
2025-10-21,2.94,
2025-10-22,2.92,
2025-10-23,2.95,
2025-10-24,2.98,
2025-10-25,.,No value available
2025-10-26,.,No value available
2025-10-27,3.00,
2025-10-28,2.98,
2025-10-29,2.99,
2025-10-30,3.01,
2025-10-31,3.01,
2025-11-01,.,No value available
2025-11-02,.,No value available
2025-11-03,3.01,
2025-11-04,3.02,
2025-11-05,3.02,
2025-11-06,3.03,
2025-11-07,3.05,
2025-11-08,.,No value available
2025-11-09,.,No value available
2025-11-10,3.05,
2025-11-11,3.04,
2025-11-12,3.03,
2025-11-13,3.01,
2025-11-14,3.08,
2025-11-15,.,No value available
2025-11-16,.,No value available
2025-11-17,3.07,
2025-11-18,3.07,
2025-11-19,3.08,
2025-11-20,3.10,
2025-11-21,3.07,
2025-11-22,.,No value available
2025-11-23,.,No value available
2025-11-24,3.08,
2025-11-25,3.08,
2025-11-26,3.06,
2025-11-27,3.07,
2025-11-28,3.08,
2025-11-29,.,No value available
2025-11-30,.,No value available
2025-12-01,3.12,
2025-12-02,3.14,
2025-12-03,3.15,
2025-12-04,3.14,
2025-12-05,3.17,
